date,product_gtin,competition_price,price,freight_value,commission_product_olist,commission_freight_olist,orders,product_type,product_type_group,stock_max,stock_min,stock_avg,price_max,price_min,price_avg,offer_max,offer_min,offer_avg,weekday
2019-03-15,7908243600137,217.8,199.8,,,,0.0,Kit para cabelo,beleza_saude,22.0,22.0,22.0,217.8,217.8,217.8,199.8,199.8,199.8,4
2019-03-16,7908243600137,217.8,199.8,,,,0.0,Kit para cabelo,beleza_saude,22.0,22.0,22.0,217.8,217.8,217.8,199.8,199.8,199.8,5
2019-03-17,7908243600137,217.8,199.8,,,,0.0,Kit para cabelo,beleza_saude,22.0,22.0,22.0,217.8,217.8,217.8,199.8,199.8,199.8,6
2019-03-18,7908243600137,217.8,199.8,,,,0.0,Kit para cabelo,beleza_saude,22.0,22.0,22.0,217.8,217.8,217.8,199.8,199.8,199.8,0
2019-03-19,7908243600137,217.8,199.8,,,,0.0,Kit para cabelo,beleza_saude,22.0,22.0,22.0,217.8,217.8,217.8,199.8,199.8,199.8,1
2019-03-20,7908243600137,217.8,199.8,,,,0.0,Kit para cabelo,beleza_saude,22.0,22.0,22.0,217.8,217.8,217.8,199.8,199.8,199.8,2
2019-03-21,7908243600137,199.8,199.8,,,,0.0,Kit para cabelo,beleza_saude,22.0,22.0,22.0,217.8,217.8,217.8,199.8,199.8,199.8,3
2019-03-22,7908243600137,199.8,199.8,,,,0.0,Kit para cabelo,beleza_saude,22.0,22.0,22.0,217.8,217.8,217.8,199.8,199.8,199.8,4
2019-03-23,7908243600137,199.8,199.8,,,,0.0,Kit para cabelo,beleza_saude,22.0,22.0,22.0,217.8,217.8,217.8,199.8,199.8,199.8,5
2019-03-24,7908243600137,199.8,199.8,,,,0.0,Kit para cabelo,beleza_saude,22.0,22.0,22.0,217.8,217.8,217.8,199.8,199.8,199.8,6
2019-03-25,7908243600137,199.8,199.8,,,,0.0,Kit para cabelo,beleza_saude,22.0,22.0,22.0,217.8,217.8,217.8,199.8,199.8,199.8,0
2019-03-26,7908243600137,199.8,199.8,,,,0.0,Kit para cabelo,beleza_saude,22.0,22.0,22.0,217.8,217.8,217.8,199.8,199.8,199.8,1
2019-03-27,7908243600137,199.8,199.8,22.03,0.2,0.2,1.0,Kit para cabelo,beleza_saude,22.0,22.0,22.0,217.8,217.8,217.8,199.8,199.8,199.8,2
2019-03-28,7908243600137,199.8,199.8,27.14,0.2,0.2,1.0,Kit para cabelo,beleza_saude,21.0,20.0,20.5,217.8,217.8,217.79999999999998,199.8,199.8,199.79999999999998,3
2019-03-29,7908243600137,199.8,199.79999999999998,,,,0.0,Kit para cabelo,beleza_saude,21.0,20.0,20.5,217.8,217.8,217.79999999999998,199.8,199.8,199.79999999999998,4
2019-03-30,7908243600137,199.8,199.79999999999998,,,,0.0,Kit para cabelo,beleza_saude,21.0,20.0,20.5,217.8,217.8,217.79999999999998,199.8,199.8,199.79999999999998,5
2019-03-31,7908243600137,199.8,199.8,16.0,0.2,0.2,1.0,Kit para cabelo,beleza_saude,20.0,19.0,19.2,217.8,217.8,217.8,199.8,199.8,199.8,6
2019-04-01,7908243600137,199.8,199.8,,,,0.0,Kit para cabelo,beleza_saude,20.0,19.0,19.2,217.8,217.8,217.8,199.8,199.8,199.8,0
2019-04-02,7908243600137,199.8,199.8,,,,0.0,Kit para cabelo,beleza_saude,20.0,19.0,19.2,217.8,217.8,217.8,199.8,199.8,199.8,1
2019-04-03,7908243600137,219.9,199.80000000000004,11.993333333333334,0.20000000000000004,0.20000000000000004,3.0,Kit para cabelo,beleza_saude,18.0,16.0,17.0,217.8,217.8,217.80000000000004,199.8,199.8,199.79999999999998,2
2019-04-04,7908243600137,219.9,199.79999999999998,,,,0.0,Kit para cabelo,beleza_saude,18.0,16.0,17.0,217.8,217.8,217.80000000000004,199.8,199.8,199.79999999999998,3
2019-04-05,7908243600137,219.9,219.9,16.21,0.2,0.2,2.0,Kit para cabelo,beleza_saude,18.0,16.0,17.0,217.8,217.8,217.80000000000004,199.8,199.8,199.79999999999998,4
2019-04-06,7908243600137,219.9,219.9,18.9,0.2,0.2,1.0,Kit para cabelo,beleza_saude,18.0,16.0,17.0,217.8,217.8,217.80000000000004,199.8,199.8,199.79999999999998,5
2019-04-07,7908243600137,219.9,219.9,22.23,0.2,0.2,1.0,Kit para cabelo,beleza_saude,18.0,16.0,17.0,217.8,217.8,217.80000000000004,199.8,199.8,199.79999999999998,6
2019-04-08,7908243600137,219.9,219.9,27.34,0.2,0.2,1.0,Kit para cabelo,beleza_saude,18.0,16.0,17.0,217.8,217.8,217.80000000000004,199.8,199.8,199.79999999999998,0
2019-04-09,7908243600137,219.9,229.8,19.0,0.2,0.2,1.0,Kit para cabelo,beleza_saude,18.0,16.0,17.0,217.8,217.8,217.80000000000004,199.8,199.8,199.79999999999998,1
2019-04-10,7908243600137,219.9,199.79999999999998,,,,0.0,Kit para cabelo,beleza_saude,18.0,16.0,17.0,217.8,217.8,217.80000000000004,199.8,199.8,199.79999999999998,2
2019-04-11,7908243600137,219.9,199.79999999999998,,,,0.0,Kit para cabelo,beleza_saude,18.0,16.0,17.0,217.8,217.8,217.80000000000004,199.8,199.8,199.79999999999998,3
2019-04-12,7908243600137,219.9,199.79999999999998,,,,0.0,Kit para cabelo,beleza_saude,18.0,16.0,17.0,217.8,217.8,217.80000000000004,199.8,199.8,199.79999999999998,4
2019-04-13,7908243600137,219.9,199.79999999999998,,,,0.0,Kit para cabelo,beleza_saude,18.0,16.0,17.0,217.8,217.8,217.80000000000004,199.8,199.8,199.79999999999998,5
2019-04-14,7908243600137,219.9,199.79999999999998,,,,0.0,Kit para cabelo,beleza_saude,18.0,16.0,17.0,217.8,217.8,217.80000000000004,199.8,199.8,199.79999999999998,6
2019-04-15,7908243600137,219.9,199.79999999999998,,,,0.0,Kit para cabelo,beleza_saude,18.0,16.0,17.0,217.8,217.8,217.80000000000004,199.8,199.8,199.79999999999998,0
2019-04-16,7908243600137,219.9,199.79999999999998,,,,0.0,Kit para cabelo,beleza_saude,18.0,16.0,17.0,217.8,217.8,217.80000000000004,199.8,199.8,199.79999999999998,1
2019-04-17,7908243600137,219.9,199.79999999999998,,,,0.0,Kit para cabelo,beleza_saude,18.0,16.0,17.0,217.8,217.8,217.80000000000004,199.8,199.8,199.79999999999998,2
2019-04-18,7908243600137,229.8,199.79999999999998,,,,0.0,Kit para cabelo,beleza_saude,18.0,16.0,17.0,217.8,217.8,217.80000000000004,199.8,199.8,199.79999999999998,3
2019-04-19,7908243600137,229.8,199.79999999999998,,,,0.0,Kit para cabelo,beleza_saude,18.0,16.0,17.0,217.8,217.8,217.80000000000004,199.8,199.8,199.79999999999998,4
2019-04-20,7908243600137,229.8,199.79999999999998,,,,0.0,Kit para cabelo,beleza_saude,18.0,16.0,17.0,217.8,217.8,217.80000000000004,199.8,199.8,199.79999999999998,5
2019-04-21,7908243600137,229.8,199.79999999999998,,,,0.0,Kit para cabelo,beleza_saude,18.0,16.0,17.0,217.8,217.8,217.80000000000004,199.8,199.8,199.79999999999998,6
2019-04-22,7908243600137,229.8,199.79999999999998,,,,0.0,Kit para cabelo,beleza_saude,18.0,16.0,17.0,217.8,217.8,217.80000000000004,199.8,199.8,199.79999999999998,0
2019-04-23,7908243600137,229.8,199.79999999999998,,,,0.0,Kit para cabelo,beleza_saude,18.0,16.0,17.0,217.8,217.8,217.80000000000004,199.8,199.8,199.79999999999998,1
2019-04-24,7908243600137,229.8,199.79999999999998,,,,0.0,Kit para cabelo,beleza_saude,18.0,16.0,17.0,217.8,217.8,217.80000000000004,199.8,199.8,199.79999999999998,2
2019-04-25,7908243600137,229.8,199.79999999999998,,,,0.0,Kit para cabelo,beleza_saude,18.0,16.0,17.0,217.8,217.8,217.80000000000004,199.8,199.8,199.79999999999998,3
2019-04-26,7908243600137,229.8,199.79999999999998,,,,0.0,Kit para cabelo,beleza_saude,18.0,16.0,17.0,217.8,217.8,217.80000000000004,199.8,199.8,199.79999999999998,4
2019-04-27,7908243600137,229.8,199.79999999999998,,,,0.0,Kit para cabelo,beleza_saude,18.0,16.0,17.0,217.8,217.8,217.80000000000004,199.8,199.8,199.79999999999998,5
2019-04-28,7908243600137,229.8,199.79999999999998,,,,0.0,Kit para cabelo,beleza_saude,18.0,16.0,17.0,217.8,217.8,217.80000000000004,199.8,199.8,199.79999999999998,6
2019-04-29,7908243600137,229.8,229.8,21.99,0.2,0.2,1.0,Kit para cabelo,beleza_saude,18.0,16.0,17.0,217.8,217.8,217.80000000000004,199.8,199.8,199.79999999999998,0
2019-04-30,7908243600137,229.8,199.79999999999998,,,,0.0,Kit para cabelo,beleza_saude,18.0,16.0,17.0,217.8,217.8,217.80000000000004,199.8,199.8,199.79999999999998,1
2019-05-01,7908243600137,229.8,199.79999999999998,,,,0.0,Kit para cabelo,beleza_saude,18.0,16.0,17.0,217.8,217.8,217.80000000000004,199.8,199.8,199.79999999999998,2
2019-05-02,7908243600137,229.8,199.79999999999998,,,,0.0,Kit para cabelo,beleza_saude,18.0,16.0,17.0,217.8,217.8,217.80000000000004,199.8,199.8,199.79999999999998,3
2019-05-03,7908243600137,229.8,199.79999999999998,,,,0.0,Kit para cabelo,beleza_saude,18.0,16.0,17.0,217.8,217.8,217.80000000000004,199.8,199.8,199.79999999999998,4
2019-05-04,7908243600137,229.8,199.79999999999998,,,,0.0,Kit para cabelo,beleza_saude,18.0,16.0,17.0,217.8,217.8,217.80000000000004,199.8,199.8,199.79999999999998,5
2019-05-05,7908243600137,229.8,199.79999999999998,,,,0.0,Kit para cabelo,beleza_saude,18.0,16.0,17.0,217.8,217.8,217.80000000000004,199.8,199.8,199.79999999999998,6
2019-05-06,7908243600137,198.55,199.79999999999998,,,,0.0,Kit para cabelo,beleza_saude,18.0,16.0,17.0,217.8,217.8,217.80000000000004,199.8,199.8,199.79999999999998,0
2019-05-07,7908243600137,188.1,199.79999999999998,,,,0.0,Kit para cabelo,beleza_saude,18.0,16.0,17.0,217.8,217.8,217.80000000000004,199.8,199.8,199.79999999999998,1
2019-05-08,7908243600137,188.1,199.79999999999998,,,,0.0,Kit para cabelo,beleza_saude,18.0,16.0,17.0,217.8,217.8,217.80000000000004,199.8,199.8,199.79999999999998,2
2019-05-09,7908243600137,188.1,199.79999999999998,,,,0.0,Kit para cabelo,beleza_saude,18.0,16.0,17.0,217.8,217.8,217.80000000000004,199.8,199.8,199.79999999999998,3
2019-05-10,7908243600137,175.0,175.0,,,,0.0,Kit para cabelo,beleza_saude,200.0,5.0,144.28571428571428,175.0,175.0,175.0,175.0,175.0,175.0,4
2019-05-11,7908243600137,175.0,175.0,21.44,0.2,0.2,1.0,Kit para cabelo,beleza_saude,199.0,199.0,199.0,175.0,175.0,175.0,175.0,175.0,175.0,5
2019-05-12,7908243600137,175.0,175.0,,,,0.0,Kit para cabelo,beleza_saude,199.0,199.0,199.0,175.0,175.0,175.0,175.0,175.0,175.0,6
2019-05-13,7908243600137,175.0,175.0,14.41,0.2,0.2,1.0,Kit para cabelo,beleza_saude,198.0,198.0,198.0,175.0,175.0,175.0,175.0,175.0,175.0,0
2019-05-14,7908243600137,157.5,175.0,18.43,0.2,0.2,1.0,Kit para cabelo,beleza_saude,197.0,197.0,197.0,175.0,175.0,175.0,175.0,175.0,175.0,1
2019-05-15,7908243600137,157.5,175.0,29.285,0.2,0.2,2.0,Kit para cabelo,beleza_saude,197.0,196.0,196.4,175.0,175.0,175.0,175.0,175.0,175.0,2
2019-05-16,7908243600137,157.5,175.0,,,,0.0,Kit para cabelo,beleza_saude,196.0,195.0,195.2,175.0,175.0,175.0,175.0,175.0,175.0,3
2019-05-17,7908243600137,157.5,175.0,14.41,0.2,0.2,1.0,Kit para cabelo,beleza_saude,194.0,194.0,194.0,175.0,175.0,175.0,175.0,175.0,175.0,4
2019-05-18,7908243600137,157.5,175.0,,,,0.0,Kit para cabelo,beleza_saude,194.0,194.0,194.0,175.0,175.0,175.0,175.0,175.0,175.0,5
2019-05-19,7908243600137,157.5,175.0,14.41,0.2,0.2,2.0,Kit para cabelo,beleza_saude,193.0,192.0,192.5,175.0,175.0,175.0,175.0,175.0,175.0,6
2019-05-20,7908243600137,157.5,175.0,,,,0.0,Kit para cabelo,beleza_saude,193.0,192.0,192.5,175.0,175.0,175.0,175.0,175.0,175.0,0
2019-05-21,7908243600137,157.5,175.0,,,,0.0,Kit para cabelo,beleza_saude,193.0,192.0,192.5,175.0,175.0,175.0,175.0,175.0,175.0,1
2019-05-22,7908243600137,157.5,175.0,37.35,0.2,0.2,1.0,Kit para cabelo,beleza_saude,191.0,191.0,191.0,175.0,175.0,175.0,175.0,175.0,175.0,2
2019-05-23,7908243600137,175.0,175.0,21.44,0.2,0.2,1.0,Kit para cabelo,beleza_saude,190.0,190.0,190.0,175.0,175.0,175.0,175.0,175.0,175.0,3
2019-05-24,7908243600137,175.0,175.0,26.98,0.2,0.2,1.0,Kit para cabelo,beleza_saude,189.0,189.0,189.0,175.0,175.0,175.0,175.0,175.0,175.0,4
2019-05-25,7908243600137,175.0,175.0,,,,0.0,Kit para cabelo,beleza_saude,189.0,189.0,189.0,175.0,175.0,175.0,175.0,175.0,175.0,5
2019-05-26,7908243600137,175.0,175.0,21.44,0.2,0.2,1.0,Kit para cabelo,beleza_saude,189.0,189.0,189.0,175.0,175.0,175.0,175.0,175.0,175.0,6
2019-05-27,7908243600137,175.0,175.0,,,,0.0,Kit para cabelo,beleza_saude,189.0,189.0,189.0,175.0,175.0,175.0,175.0,175.0,175.0,0
2019-05-28,7908243600137,175.0,175.0,24.21,0.2,0.2,2.0,Kit para cabelo,beleza_saude,188.0,5.0,161.0,189.9,175.0,177.12857142857143,179.9,175.0,175.70000000000002,1
2019-05-29,7908243600137,175.0,175.0,19.935000000000002,0.2,0.2,2.0,Kit para cabelo,beleza_saude,185.0,184.0,184.5,175.0,175.0,175.0,175.0,175.0,175.0,2
2019-05-30,7908243600137,175.0,175.0,22.705,0.2,0.2,2.0,Kit para cabelo,beleza_saude,183.0,182.0,182.5,175.0,175.0,175.0,175.0,175.0,175.0,3
2019-05-31,7908243600137,173.99,175.0,26.41,0.2,0.2,1.0,Kit para cabelo,beleza_saude,181.0,0.0,91.625,175.0,173.99,174.495,175.0,173.99,174.495,4
2019-06-01,7908243600137,173.99,174.495,,,,0.0,Kit para cabelo,beleza_saude,181.0,0.0,91.625,175.0,173.99,174.495,175.0,173.99,174.495,5
2019-06-02,7908243600137,173.99,174.495,,,,0.0,Kit para cabelo,beleza_saude,181.0,0.0,91.625,175.0,173.99,174.495,175.0,173.99,174.495,6
2019-06-03,7908243600137,175.0,175.0,22.634999999999998,0.2,0.2,2.0,Kit para cabelo,beleza_saude,181.0,179.0,180.0,175.0,175.0,175.0,175.0,175.0,175.0,0
2019-06-04,7908243600137,175.0,175.0,24.21,0.2,0.2,2.0,Kit para cabelo,beleza_saude,178.0,177.0,177.5,175.0,175.0,175.0,175.0,175.0,175.0,1
2019-06-05,7908243600137,175.0,175.0,21.44,0.2,0.2,1.0,Kit para cabelo,beleza_saude,176.0,176.0,176.0,175.0,175.0,175.0,175.0,175.0,175.0,2
2019-06-06,7908243600137,175.0,175.0,,,,0.0,Kit para cabelo,beleza_saude,176.0,176.0,176.0,175.0,175.0,175.0,175.0,175.0,175.0,3
2019-06-07,7908243600137,165.3,175.0,31.59,0.2,0.2,1.0,Kit para cabelo,beleza_saude,175.0,175.0,175.0,175.0,175.0,175.0,175.0,175.0,175.0,4
2019-06-08,7908243600137,165.3,175.0,23.83,0.2,0.2,1.0,Kit para cabelo,beleza_saude,174.0,174.0,174.0,175.0,175.0,175.0,175.0,175.0,175.0,5
2019-06-09,7908243600137,165.3,175.0,31.59,0.2,0.2,1.0,Kit para cabelo,beleza_saude,173.0,173.0,173.0,175.0,175.0,175.0,175.0,175.0,175.0,6
2019-06-10,7908243600137,175.0,175.0,,,,0.0,Kit para cabelo,beleza_saude,173.0,173.0,173.0,175.0,175.0,175.0,175.0,175.0,175.0,0
2019-06-11,7908243600137,157.5,175.0,,,,0.0,Kit para cabelo,beleza_saude,173.0,173.0,173.0,175.0,175.0,175.0,175.0,175.0,175.0,1
2019-06-12,7908243600137,157.5,175.0,48.58,0.2,0.2,1.0,Kit para cabelo,beleza_saude,172.0,172.0,172.0,175.0,175.0,175.0,175.0,175.0,175.0,2
2019-06-13,7908243600137,149.42,171.35714285714286,,,,0.0,Kit para cabelo,beleza_saude,172.0,20.0,63.42857142857143,175.0,173.99,174.27857142857144,175.0,169.9,171.35714285714286,3
2019-06-14,7908243600137,149.51,171.35714285714286,,,,0.0,Kit para cabelo,beleza_saude,172.0,20.0,63.42857142857143,175.0,173.99,174.27857142857144,175.0,169.9,171.35714285714286,4
2019-06-15,7908243600137,152.82,171.35714285714286,,,,0.0,Kit para cabelo,beleza_saude,172.0,20.0,63.42857142857143,175.0,173.99,174.27857142857144,175.0,169.9,171.35714285714286,5
2019-06-16,7908243600137,152.82,171.35714285714286,,,,0.0,Kit para cabelo,beleza_saude,172.0,20.0,63.42857142857143,175.0,173.99,174.27857142857144,175.0,169.9,171.35714285714286,6
2019-06-17,7908243600137,169.8,169.9,29.763333333333335,0.20000000000000004,0.20000000000000004,3.0,Kit para cabelo,beleza_saude,19.0,17.0,18.0,173.99,173.99,173.99,169.9,169.9,169.90000000000003,0
2019-06-18,7908243600137,169.8,169.9,13.83,0.2,0.2,1.0,Kit para cabelo,beleza_saude,16.0,16.0,16.0,173.99,173.99,173.99,169.9,169.9,169.9,1
2019-06-19,7908243600137,152.82,169.9,20.38,0.2,0.2,2.0,Kit para cabelo,beleza_saude,15.0,15.0,15.0,173.99,173.99,173.99,169.9,169.9,169.9,2
2019-06-20,7908243600137,152.82,169.9,,,,0.0,Kit para cabelo,beleza_saude,14.0,14.0,14.0,173.99,173.99,173.99,169.9,169.9,169.9,3
2019-06-21,7908243600137,161.31,169.9,,,,0.0,Kit para cabelo,beleza_saude,14.0,14.0,14.0,173.99,173.99,173.99,169.9,169.9,169.9,4
2019-06-22,7908243600137,161.31,169.9,26.93,0.2,0.2,1.0,Kit para cabelo,beleza_saude,13.0,13.0,13.0,173.99,173.99,173.99,169.9,169.9,169.9,5
2019-06-23,7908243600137,161.31,169.9,26.93,0.2,0.2,1.0,Kit para cabelo,beleza_saude,12.0,12.0,12.0,173.99,173.99,173.99,169.9,169.9,169.9,6
2019-06-24,7908243600137,161.31,169.9,17.52,0.2,0.2,1.0,Kit para cabelo,beleza_saude,11.0,11.0,11.0,173.99,173.99,173.99,169.9,169.9,169.9,0
2019-06-25,7908243600137,157.5,175.0,26.98,0.2,0.2,1.0,Kit para cabelo,beleza_saude,172.0,171.0,171.5,175.0,175.0,175.0,175.0,175.0,175.0,1
2019-06-26,7908243600137,175.0,175.0,,,,0.0,Kit para cabelo,beleza_saude,172.0,171.0,171.5,175.0,175.0,175.0,175.0,175.0,175.0,2
2019-06-27,7908243600137,175.0,175.0,,,,0.0,Kit para cabelo,beleza_saude,172.0,171.0,171.5,175.0,175.0,175.0,175.0,175.0,175.0,3
2019-06-28,7908243600137,175.0,175.0,26.98,0.2,0.2,1.0,Kit para cabelo,beleza_saude,170.0,170.0,170.0,175.0,175.0,175.0,175.0,175.0,175.0,4
2019-06-29,7908243600137,175.0,175.0,,,,0.0,Kit para cabelo,beleza_saude,170.0,170.0,170.0,175.0,175.0,175.0,175.0,175.0,175.0,5
2019-06-30,7908243600137,175.0,175.0,,,,0.0,Kit para cabelo,beleza_saude,170.0,170.0,170.0,175.0,175.0,175.0,175.0,175.0,175.0,6
2019-07-01,7908243600137,175.0,194.9,,,,0.0,Kit para cabelo,beleza_saude,5.0,5.0,5.0,194.9,194.9,194.9,194.9,194.9,194.9,0
2019-07-02,7908243600137,175.0,194.9,,,,0.0,Kit para cabelo,beleza_saude,5.0,5.0,5.0,194.9,194.9,194.9,194.9,194.9,194.9,1
2019-07-03,7908243600137,157.5,194.9,,,,0.0,Kit para cabelo,beleza_saude,5.0,5.0,5.0,194.9,194.9,194.9,194.9,194.9,194.9,2
2019-07-04,7908243600137,169.9,169.9,,,,0.0,Kit para cabelo,beleza_saude,5.0,5.0,5.0,173.99,173.99,173.99,169.9,169.9,169.9,3
2019-07-05,7908243600137,152.91,169.9,64.6,0.2,0.2,1.0,Kit para cabelo,beleza_saude,4.0,0.0,2.0,173.99,173.99,173.99,169.9,169.9,169.9,4
2019-07-06,7908243600137,152.91,169.9,,,,0.0,Kit para cabelo,beleza_saude,4.0,4.0,4.0,173.99,173.99,173.99,169.9,169.9,169.9,5
2019-07-07,7908243600137,152.91,169.9,26.93,0.2,0.2,1.0,Kit para cabelo,beleza_saude,3.0,3.0,3.0,173.99,173.99,173.99,169.9,169.9,169.9,6
2019-07-08,7908243600137,149.51,175.0,,,,0.0,Kit para cabelo,beleza_saude,170.0,170.0,170.0,175.0,175.0,175.0,175.0,175.0,175.0,0
2019-07-09,7908243600137,149.51,175.0,18.42,0.2,0.2,1.0,Kit para cabelo,beleza_saude,169.0,169.0,169.0,175.0,175.0,175.0,175.0,175.0,175.0,1
2019-07-10,7908243600137,154.0,175.0,14.41,0.2,0.2,1.0,Kit para cabelo,beleza_saude,168.0,168.0,168.0,175.0,175.0,175.0,175.0,175.0,175.0,2
2019-07-11,7908243600137,154.0,175.0,,,,0.0,Kit para cabelo,beleza_saude,168.0,168.0,168.0,175.0,175.0,175.0,175.0,175.0,175.0,3
2019-07-12,7908243600137,154.0,175.0,18.43,0.2,0.2,1.0,Kit para cabelo,beleza_saude,167.0,167.0,167.0,175.0,175.0,175.0,175.0,175.0,175.0,4
2019-07-13,7908243600137,154.0,175.0,26.41,0.2,0.2,1.0,Kit para cabelo,beleza_saude,166.0,166.0,166.0,175.0,175.0,175.0,175.0,175.0,175.0,5
2019-07-14,7908243600137,154.0,175.0,,,,0.0,Kit para cabelo,beleza_saude,166.0,166.0,166.0,175.0,175.0,175.0,175.0,175.0,175.0,6
2019-07-15,7908243600137,156.6,175.0,26.98,0.2,0.2,1.0,Kit para cabelo,beleza_saude,166.0,166.0,166.0,175.0,175.0,175.0,175.0,175.0,175.0,0
2019-07-16,7908243600137,153.12,175.0,,,,0.0,Kit para cabelo,beleza_saude,165.0,165.0,165.0,175.0,175.0,175.0,175.0,175.0,175.0,1
2019-07-17,7908243600137,149.51,169.9,13.83,0.2,0.2,1.0,Kit para cabelo,beleza_saude,165.0,10.0,87.5,175.0,173.99,174.495,175.0,169.9,172.45,2
2019-07-18,7908243600137,152.91,169.9,31.54,0.2,0.2,1.0,Kit para cabelo,beleza_saude,10.0,9.0,9.5,173.99,173.99,173.99,169.9,169.9,169.9,3
2019-07-19,7908243600137,160.66,169.9,20.38,0.2,0.2,2.0,Kit para cabelo,beleza_saude,9.0,7.0,8.0,173.99,173.99,173.99,169.9,169.9,169.9,4
2019-07-20,7908243600137,160.66,169.9,,,,0.0,Kit para cabelo,beleza_saude,9.0,7.0,8.0,173.99,173.99,173.99,169.9,169.9,169.9,5
2019-07-21,7908243600137,160.66,169.9,20.38,0.2,0.2,2.0,Kit para cabelo,beleza_saude,8.0,5.0,6.5,173.99,173.99,173.99,169.9,169.9,169.9,6
2019-07-22,7908243600137,169.12,169.9,,,,0.0,Kit para cabelo,beleza_saude,8.0,5.0,6.5,173.99,173.99,173.99,169.9,169.9,169.9,0
2019-07-23,7908243600137,169.12,169.9,26.929999999999996,0.20000000000000004,0.20000000000000004,3.0,Kit para cabelo,beleza_saude,4.0,0.0,2.3333333333333335,173.99,173.99,173.99,169.9,169.9,169.9,1
2019-07-24,7908243600137,169.12,169.9,,,,0.0,Kit para cabelo,beleza_saude,5.0,2.0,4.0,173.99,173.99,173.99,169.9,169.9,169.9,2
2019-07-25,7908243600137,152.2,169.9,20.38,0.2,0.2,2.0,Kit para cabelo,beleza_saude,164.0,1.0,38.55555555555556,175.0,173.99,174.21444444444444,175.0,169.9,171.03333333333336,3
2019-07-26,7908243600137,169.9,172.45,,,,0.0,Kit para cabelo,beleza_saude,164.0,1.0,82.5,175.0,173.99,174.495,175.0,169.9,172.45,4
2019-07-27,7908243600137,169.9,172.45,,,,0.0,Kit para cabelo,beleza_saude,164.0,1.0,82.5,175.0,173.99,174.495,175.0,169.9,172.45,5
2019-07-28,7908243600137,175.0,175.0,,,,0.0,Kit para cabelo,beleza_saude,164.0,164.0,164.0,175.0,175.0,175.0,175.0,175.0,175.0,6
2019-07-29,7908243600137,175.0,175.0,26.515,0.2,0.2,2.0,Kit para cabelo,beleza_saude,163.0,162.0,162.66666666666666,175.0,175.0,175.0,175.0,175.0,175.0,0
2019-07-30,7908243600137,175.0,175.0,16.42,0.2,0.2,2.0,Kit para cabelo,beleza_saude,162.0,160.0,161.0,175.0,175.0,175.0,175.0,175.0,175.0,1
2019-07-31,7908243600137,175.0,175.0,,,,0.0,Kit para cabelo,beleza_saude,160.0,160.0,160.0,175.0,175.0,175.0,175.0,175.0,175.0,2
2019-08-01,7908243600137,175.0,175.0,,,,0.0,Kit para cabelo,beleza_saude,160.0,160.0,160.0,175.0,175.0,175.0,175.0,175.0,175.0,3
2019-08-02,7908243600137,175.0,175.0,26.98,0.2,0.2,1.0,Kit para cabelo,beleza_saude,160.0,159.0,159.16666666666666,175.0,175.0,175.0,175.0,175.0,175.0,4
2019-08-03,7908243600137,175.0,175.0,,,,0.0,Kit para cabelo,beleza_saude,160.0,159.0,159.16666666666666,175.0,175.0,175.0,175.0,175.0,175.0,5
2019-08-04,7908243600137,175.0,175.0,21.44,0.2,0.2,1.0,Kit para cabelo,beleza_saude,158.0,158.0,158.0,175.0,175.0,175.0,175.0,175.0,175.0,6
2019-08-05,7908243600137,175.0,175.0,,,,0.0,Kit para cabelo,beleza_saude,158.0,158.0,158.0,175.0,175.0,175.0,175.0,175.0,175.0,0
2019-08-06,7908243600137,175.0,175.0,,,,0.0,Kit para cabelo,beleza_saude,158.0,158.0,158.0,175.0,175.0,175.0,175.0,175.0,175.0,1
2019-08-07,7908243600137,175.0,175.0,19.935000000000002,0.2,0.2,2.0,Kit para cabelo,beleza_saude,157.0,156.0,156.5,175.0,175.0,175.0,175.0,175.0,175.0,2
2019-08-08,7908243600137,175.0,175.0,23.83,0.2,0.2,1.0,Kit para cabelo,beleza_saude,155.0,155.0,155.0,175.0,175.0,175.0,175.0,175.0,175.0,3
2019-08-09,7908243600137,175.0,175.0,,,,0.0,Kit para cabelo,beleza_saude,155.0,155.0,155.0,175.0,175.0,175.0,175.0,175.0,175.0,4
2019-08-10,7908243600137,175.0,175.0,,,,0.0,Kit para cabelo,beleza_saude,155.0,155.0,155.0,175.0,175.0,175.0,175.0,175.0,175.0,5
2019-08-11,7908243600137,175.0,175.0,18.42,0.2,0.2,1.0,Kit para cabelo,beleza_saude,154.0,154.0,154.0,175.0,175.0,175.0,175.0,175.0,175.0,6
2019-08-12,7908243600137,175.0,175.0,,,,0.0,Kit para cabelo,beleza_saude,154.0,154.0,154.0,175.0,175.0,175.0,175.0,175.0,175.0,0
2019-08-13,7908243600137,175.0,175.0,,,,0.0,Kit para cabelo,beleza_saude,154.0,154.0,154.0,175.0,175.0,175.0,175.0,175.0,175.0,1
2019-08-14,7908243600137,175.0,175.0,21.44,0.19,0.19,1.0,Kit para cabelo,beleza_saude,153.0,153.0,153.0,175.0,175.0,175.0,175.0,175.0,175.0,2
2019-08-15,7908243600137,169.9,171.6,25.156666666666666,0.19000000000000003,0.19000000000000003,3.0,Kit para cabelo,beleza_saude,152.0,0.0,42.78947368421053,175.0,173.99,174.25578947368413,175.0,169.9,171.24210526315792,3
2019-08-16,7908243600137,169.9,171.24210526315792,,,,0.0,Kit para cabelo,beleza_saude,152.0,0.0,42.78947368421053,175.0,173.99,174.25578947368413,175.0,169.9,171.24210526315792,4
2019-08-17,7908243600137,169.9,171.24210526315792,,,,0.0,Kit para cabelo,beleza_saude,152.0,0.0,42.78947368421053,175.0,173.99,174.25578947368413,175.0,169.9,171.24210526315792,5
2019-08-18,7908243600137,169.9,171.24210526315792,,,,0.0,Kit para cabelo,beleza_saude,152.0,0.0,42.78947368421053,175.0,173.99,174.25578947368413,175.0,169.9,171.24210526315792,6
2019-08-19,7908243600137,162.15,169.9,13.83,0.19,0.19,1.0,Kit para cabelo,beleza_saude,2.0,2.0,2.0,173.99,173.99,173.99,169.9,169.9,169.9,0
2019-08-20,7908243600137,164.04,169.9,26.93,0.19,0.19,1.0,Kit para cabelo,beleza_saude,152.0,1.0,84.88888888888889,175.0,173.99,174.5511111111111,175.0,169.9,172.73333333333335,1
2019-08-21,7908243600137,164.04,172.73333333333335,,,,0.0,Kit para cabelo,beleza_saude,152.0,1.0,84.88888888888889,175.0,173.99,174.5511111111111,175.0,169.9,172.73333333333335,2
2019-08-22,7908243600137,164.04,175.0,23.0,0.19,0.19,2.0,Kit para cabelo,beleza_saude,151.0,150.0,150.5,175.0,175.0,175.0,175.0,175.0,175.0,3
2019-08-23,7908243600137,164.04,175.0,,,,0.0,Kit para cabelo,beleza_saude,151.0,150.0,150.5,175.0,175.0,175.0,175.0,175.0,175.0,4
2019-08-24,7908243600137,164.04,175.0,35.01,0.2,0.2,2.0,Kit para cabelo,beleza_saude,151.0,150.0,150.5,175.0,175.0,175.0,175.0,175.0,175.0,5
2019-08-25,7908243600137,164.04,175.0,,,,0.0,Kit para cabelo,beleza_saude,148.0,148.0,148.0,175.0,175.0,175.0,175.0,175.0,175.0,6
2019-08-26,7908243600137,164.04,175.0,23.83,0.2,0.2,1.0,Kit para cabelo,beleza_saude,147.0,147.0,147.0,175.0,175.0,175.0,175.0,175.0,175.0,0
2019-08-27,7908243600137,157.5,175.0,14.34,0.2,0.2,2.0,Kit para cabelo,beleza_saude,146.0,145.0,145.5,175.0,175.0,175.0,175.0,175.0,175.0,1
2019-08-28,7908243600137,157.42,175.0,18.42,0.2,0.2,1.0,Kit para cabelo,beleza_saude,144.0,144.0,144.0,175.0,175.0,175.0,175.0,175.0,175.0,2
2019-08-29,7908243600137,157.42,175.0,,,,0.0,Kit para cabelo,beleza_saude,144.0,144.0,144.0,175.0,175.0,175.0,175.0,175.0,175.0,3
2019-08-30,7908243600137,157.42,175.0,76.16,0.2,0.2,1.0,Kit para cabelo,beleza_saude,143.0,143.0,143.0,175.0,175.0,175.0,175.0,175.0,175.0,4
2019-08-31,7908243600137,157.42,175.0,,,,0.0,Kit para cabelo,beleza_saude,143.0,143.0,143.0,175.0,175.0,175.0,175.0,175.0,175.0,5
2019-09-01,7908243600137,157.42,175.0,23.83,0.2,0.2,1.0,Kit para cabelo,beleza_saude,142.0,142.0,142.0,175.0,175.0,175.0,175.0,175.0,175.0,6
2019-09-02,7908243600137,166.25,175.0,23.83,0.2,0.2,1.0,Kit para cabelo,beleza_saude,141.0,141.0,141.0,175.0,175.0,175.0,175.0,175.0,175.0,0
2019-09-03,7908243600137,166.25,175.0,15.87,0.2,0.2,2.0,Kit para cabelo,beleza_saude,140.0,1.0,116.16666666666667,175.0,175.0,175.0,175.0,175.0,175.0,1
2019-09-04,7908243600137,148.49,175.0,22.634999999999998,0.2,0.2,2.0,Kit para cabelo,beleza_saude,200.0,137.0,144.44444444444446,175.0,175.0,175.0,175.0,175.0,175.0,2
2019-09-05,7908243600137,153.73,175.0,,,,0.0,Kit para cabelo,beleza_saude,200.0,137.0,144.44444444444446,175.0,175.0,175.0,175.0,175.0,175.0,3
2019-09-06,7908243600137,145.0,175.0,21.44,0.2,0.2,1.0,Kit para cabelo,beleza_saude,136.0,136.0,136.0,175.0,175.0,175.0,175.0,175.0,175.0,4
2019-09-07,7908243600137,145.0,175.0,25.405,0.2,0.2,2.0,Kit para cabelo,beleza_saude,135.0,134.0,134.5,175.0,175.0,175.0,175.0,175.0,175.0,5
2019-09-08,7908243600137,145.0,175.0,,,,0.0,Kit para cabelo,beleza_saude,135.0,134.0,134.5,175.0,175.0,175.0,175.0,175.0,175.0,6
2019-09-09,7908243600137,145.0,175.0,,,,0.0,Kit para cabelo,beleza_saude,135.0,134.0,134.5,175.0,175.0,175.0,175.0,175.0,175.0,0
2019-09-10,7908243600137,148.75,175.0,28.086000000000002,0.2,0.2,5.0,Kit para cabelo,beleza_saude,133.0,130.0,131.33333333333334,175.0,175.0,175.0,175.0,175.0,175.0,1
2019-09-11,7908243600137,145.0,175.0,21.44,0.2,0.2,1.0,Kit para cabelo,beleza_saude,129.0,129.0,129.0,175.0,175.0,175.0,175.0,175.0,175.0,2
2019-09-12,7908243600137,148.75,175.0,,,,0.0,Kit para cabelo,beleza_saude,129.0,129.0,129.0,175.0,175.0,175.0,175.0,175.0,175.0,3
2019-09-13,7908243600137,179.9,175.0,26.41,0.2,0.2,1.0,Kit para cabelo,beleza_saude,128.0,1.0,113.88888888888889,179.9,175.0,177.72222222222226,179.9,175.0,177.72222222222226,4
2019-09-14,7908243600137,179.9,177.72222222222226,,,,0.0,Kit para cabelo,beleza_saude,128.0,1.0,113.88888888888889,179.9,175.0,177.72222222222226,179.9,175.0,177.72222222222226,5
2019-09-15,7908243600137,166.68,179.9,31.44,0.2,0.2,1.0,Kit para cabelo,beleza_saude,128.0,1.0,113.88888888888889,179.9,175.0,177.72222222222226,179.9,175.0,177.72222222222226,6
2019-09-16,7908243600137,148.16,179.9,31.64,0.2,0.2,1.0,Kit para cabelo,beleza_saude,127.0,127.0,127.0,179.9,179.9,179.9,179.9,179.9,179.9,0
2019-09-17,7908243600137,148.16,179.9,27.03,0.2,0.2,2.0,Kit para cabelo,beleza_saude,126.0,124.0,125.0,179.9,179.9,179.90000000000006,179.9,179.9,179.90000000000006,1
2019-09-18,7908243600137,148.16,179.9,27.03,0.2,0.2,1.0,Kit para cabelo,beleza_saude,123.0,123.0,123.0,179.9,179.9,179.9,179.9,179.9,179.9,2
2019-09-19,7908243600137,148.16,179.9,,,,0.0,Kit para cabelo,beleza_saude,123.0,123.0,123.0,179.9,179.9,179.9,179.9,179.9,179.9,3
2019-09-20,7908243600137,148.16,179.9,27.03,0.2,0.2,1.0,Kit para cabelo,beleza_saude,122.0,122.0,122.0,179.9,179.9,179.9,179.9,179.9,179.9,4
2019-09-21,7908243600137,148.16,179.9,,,,0.0,Kit para cabelo,beleza_saude,122.0,122.0,122.0,179.9,179.9,179.9,179.9,179.9,179.9,5
2019-09-22,7908243600137,148.16,179.9,29.445,0.2,0.2,2.0,Kit para cabelo,beleza_saude,121.0,120.0,120.5,179.9,179.9,179.90000000000003,179.9,179.9,179.90000000000003,6
2019-09-23,7908243600137,148.16,179.90000000000003,,,,0.0,Kit para cabelo,beleza_saude,121.0,120.0,120.5,179.9,179.9,179.90000000000003,179.9,179.9,179.90000000000003,0
2019-09-24,7908243600137,148.16,179.9,22.685,0.2,0.2,2.0,Kit para cabelo,beleza_saude,119.0,118.0,118.5,179.9,179.9,179.90000000000003,179.9,179.9,179.90000000000003,1
2019-09-25,7908243600137,148.16,179.90000000000003,,,,0.0,Kit para cabelo,beleza_saude,119.0,118.0,118.5,179.9,179.9,179.90000000000003,179.9,179.9,179.90000000000003,2
2019-09-26,7908243600137,148.16,179.90000000000003,,,,0.0,Kit para cabelo,beleza_saude,119.0,118.0,118.5,179.9,179.9,179.90000000000003,179.9,179.9,179.90000000000003,3
2019-09-27,7908243600137,144.41,179.9,21.93,0.2,0.2,1.0,Kit para cabelo,beleza_saude,117.0,1.0,54.333333333333336,179.9,173.99,176.61666666666667,179.9,169.9,174.3444444444445,4
2019-09-28,7908243600137,144.41,169.9,26.93,0.2,0.2,2.0,Kit para cabelo,beleza_saude,4.0,0.0,3.111111111111111,173.99,173.99,173.99,169.9,169.9,169.9,5
2019-09-29,7908243600137,144.41,169.9,22.225,0.2,0.2,2.0,Kit para cabelo,beleza_saude,2.0,1.0,1.5,173.99,173.99,173.99,169.9,169.9,169.9,6
2019-09-30,7908243600137,144.41,174.9,20.7,0.2,0.2,2.0,Kit para cabelo,beleza_saude,118.0,1.0,104.55555555555556,179.9,179.9,179.90000000000003,179.9,179.9,179.90000000000003,0
2019-10-01,7908243600137,144.41,179.90000000000003,,,,0.0,Kit para cabelo,beleza_saude,118.0,1.0,104.55555555555556,179.9,179.9,179.90000000000003,179.9,179.9,179.90000000000003,1
2019-10-02,7908243600137,160.68,160.68,,,,0.0,Kit para cabelo,beleza_saude,100.0,1.0,80.2,160.68,160.68,160.68,160.68,160.68,160.68,2
2019-10-03,7908243600137,144.61,160.68,19.7825,0.19,0.19,4.0,Kit para cabelo,beleza_saude,99.0,96.0,97.76923076923077,160.68,160.68,160.68000000000004,160.68,160.68,160.68000000000004,3
2019-10-04,7908243600137,144.61,160.68,39.39666666666667,0.19000000000000003,0.19000000000000003,3.0,Kit para cabelo,beleza_saude,97.0,92.0,93.94736842105263,160.68,160.68,160.67999999999998,160.68,160.68,160.67999999999998,4
2019-10-05,7908243600137,144.61,160.68,24.4875,0.19,0.19,4.0,Kit para cabelo,beleza_saude,91.0,89.0,90.0,160.68,160.68,160.68000000000004,160.68,160.68,160.68000000000004,5
2019-10-06,7908243600137,160.68,160.68,25.24,0.19000000000000003,0.19000000000000003,3.0,Kit para cabelo,beleza_saude,88.0,85.0,86.5,160.68,160.68,160.68,160.68,160.68,160.68,6
2019-10-07,7908243600137,138.8,160.68,22.134999999999998,0.19,0.19,2.0,Kit para cabelo,beleza_saude,118.0,1.0,87.76923076923077,179.9,160.68,168.07230769230773,179.9,160.68,168.07230769230773,0
2019-10-08,7908243600137,138.8,168.07230769230773,,,,0.0,Kit para cabelo,beleza_saude,118.0,1.0,87.76923076923077,179.9,160.68,168.07230769230773,179.9,160.68,168.07230769230773,1
2019-10-09,7908243600137,138.8,168.07230769230773,,,,0.0,Kit para cabelo,beleza_saude,118.0,1.0,87.76923076923077,179.9,160.68,168.07230769230773,179.9,160.68,168.07230769230773,2
2019-10-10,7908243600137,138.8,168.07230769230773,,,,0.0,Kit para cabelo,beleza_saude,118.0,1.0,87.76923076923077,179.9,160.68,168.07230769230773,179.9,160.68,168.07230769230773,3
2019-10-11,7908243600137,174.5,179.9,19.979999999999997,0.2,0.2,2.0,Kit para cabelo,beleza_saude,117.0,117.0,117.0,179.9,179.9,179.9,179.9,174.5,178.82,4
2019-10-12,7908243600137,174.5,179.9,31.44,0.2,0.2,1.0,Kit para cabelo,beleza_saude,116.0,115.0,115.42857142857143,179.9,179.9,179.90000000000003,179.9,174.5,179.12857142857143,5
2019-10-13,7908243600137,174.5,179.12857142857143,,,,0.0,Kit para cabelo,beleza_saude,116.0,115.0,115.42857142857143,179.9,179.9,179.90000000000003,179.9,174.5,179.12857142857143,6
2019-10-14,7908243600137,174.5,174.5,21.43,0.2,0.2,1.0,Kit para cabelo,beleza_saude,114.0,114.0,114.0,179.9,179.9,179.9,179.9,174.5,178.54999999999998,0
2019-10-15,7908243600137,174.5,174.5,21.43,0.2,0.2,1.0,Kit para cabelo,beleza_saude,113.0,113.0,113.0,179.9,179.9,179.9,179.9,174.5,177.2,1
2019-10-16,7908243600137,174.5,177.2,14.43,0.2,0.2,2.0,Kit para cabelo,beleza_saude,113.0,111.0,111.75,179.9,179.9,179.90000000000003,179.9,174.5,178.55,2
2019-10-17,7908243600137,174.5,179.9,26.564999999999998,0.2,0.2,2.0,Kit para cabelo,beleza_saude,110.0,109.0,109.66666666666667,179.9,179.9,179.9,179.9,174.5,178.1,3
2019-10-18,7908243600137,174.5,179.9,27.03,0.2,0.2,1.0,Kit para cabelo,beleza_saude,109.0,108.0,108.33333333333333,179.9,179.9,179.9,179.9,174.5,179.0,4
2019-10-19,7908243600137,174.5,174.5,14.4,0.2,0.2,1.0,Kit para cabelo,beleza_saude,107.0,107.0,107.0,179.9,179.9,179.9,179.9,174.5,178.54999999999998,5
2019-10-20,7908243600137,174.5,174.5,14.4,0.2,0.2,1.0,Kit para cabelo,beleza_saude,107.0,107.0,107.0,179.9,179.9,179.9,179.9,174.5,178.54999999999998,6
2019-10-21,7908243600137,174.5,177.2,21.46,0.2,0.2,2.0,Kit para cabelo,beleza_saude,106.0,105.0,105.5,179.9,179.9,179.90000000000003,179.9,174.5,178.55,0
2019-10-22,7908243600137,158.67,164.60666666666665,19.151666666666667,0.19499999999999998,0.19499999999999998,6.0,Kit para cabelo,beleza_saude,104.0,1.0,76.4375,179.9,158.67,169.53250000000003,179.9,158.67,168.85750000000004,1
2019-10-23,7908243600137,159.99,168.61333333333334,24.349999999999998,0.19666666666666668,0.19666666666666668,3.0,Kit para cabelo,beleza_saude,102.0,1.0,84.21428571428571,179.9,159.99,169.79999999999998,179.9,159.99,169.41428571428574,2
2019-10-24,7908243600137,166.56,168.61333333333334,23.78,0.19000000000000003,0.19000000000000003,3.0,Kit para cabelo,beleza_saude,99.0,0.0,54.06666666666667,179.9,162.97,168.61333333333334,179.9,162.97,168.25333333333336,3
2019-10-25,7908243600137,166.56,177.2,29.415,0.2,0.2,2.0,Kit para cabelo,beleza_saude,98.0,97.0,97.5,179.9,179.9,179.90000000000003,179.9,174.5,178.55,4
2019-10-26,7908243600137,166.56,179.9,45.35,0.2,0.2,1.0,Kit para cabelo,beleza_saude,96.0,96.0,96.0,179.9,179.9,179.9,179.9,174.5,178.54999999999998,5
2019-10-27,7908243600137,166.56,179.9,29.810000000000002,0.2,0.2,2.0,Kit para cabelo,beleza_saude,95.0,94.0,94.5,179.9,179.9,179.90000000000003,179.9,174.5,178.55,6
2019-10-28,7908243600137,166.56,179.9,20.925,0.2,0.2,4.0,Kit para cabelo,beleza_saude,93.0,91.0,92.0,179.9,179.9,179.90000000000006,179.9,174.5,178.55000000000004,0
2019-10-29,7908243600137,165.77,174.5,23.82,0.2,0.2,1.0,Kit para cabelo,beleza_saude,90.0,90.0,90.0,179.9,179.9,179.9,179.9,174.5,178.54999999999998,1
2019-10-30,7908243600137,165.77,179.9,21.49,0.2,0.2,1.0,Kit para cabelo,beleza_saude,89.0,89.0,89.0,179.9,179.9,179.9,179.9,174.5,178.54999999999998,2
2019-10-31,7908243600137,165.77,174.5,26.98,0.2,0.2,1.0,Kit para cabelo,beleza_saude,88.0,88.0,88.0,179.9,179.9,179.9,179.9,174.5,177.2,3
2019-11-01,7908243600137,162.58,174.5,37.35,0.2,0.2,1.0,Kit para cabelo,beleza_saude,88.0,88.0,88.0,179.9,179.9,179.9,179.9,174.5,177.2,4
2019-11-02,7908243600137,162.58,174.5,37.35,0.2,0.2,1.0,Kit para cabelo,beleza_saude,88.0,88.0,88.0,179.9,179.9,179.9,179.9,174.5,177.2,5
2019-11-03,7908243600137,162.58,179.9,32.59,0.2,0.2,1.0,Kit para cabelo,beleza_saude,88.0,88.0,88.0,179.9,179.9,179.9,179.9,174.5,177.2,6
2019-11-04,7908243600137,162.58,179.9,27.03,0.2,0.2,1.0,Kit para cabelo,beleza_saude,88.0,88.0,88.0,179.9,179.9,179.9,179.9,174.5,177.2,0
2019-11-05,7908243600137,157.05,159.29,26.82,0.19,0.19,1.0,Kit para cabelo,beleza_saude,88.0,88.0,88.0,179.9,179.9,179.9,179.9,174.5,177.2,1
2019-11-06,7908243600137,159.29,159.29,26.82,0.19,0.19,4.0,Kit para cabelo,beleza_saude,88.0,88.0,88.0,179.9,179.9,179.9,179.9,174.5,177.2,2
2019-11-07,7908243600137,159.29,159.29,23.683333333333334,0.19000000000000003,0.19000000000000003,3.0,Kit para cabelo,beleza_saude,88.0,88.0,88.0,179.9,179.9,179.9,179.9,174.5,177.2,3
2019-11-08,7908243600137,174.5,177.2,20.209999999999997,0.2,0.2,4.0,Kit para cabelo,beleza_saude,88.0,88.0,88.0,179.9,179.9,179.9,179.9,174.5,177.2,4
2019-11-09,7908243600137,174.5,177.2,,,,0.0,Kit para cabelo,beleza_saude,88.0,88.0,88.0,179.9,179.9,179.9,179.9,174.5,177.2,5
2019-11-10,7908243600137,174.5,174.5,18.41,0.2,0.2,1.0,Kit para cabelo,beleza_saude,88.0,88.0,88.0,179.9,179.9,179.9,179.9,174.5,177.2,6
2019-11-11,7908243600137,174.5,178.1,25.36,0.20000000000000004,0.20000000000000004,3.0,Kit para cabelo,beleza_saude,88.0,88.0,88.0,179.9,179.9,179.9,179.9,174.5,177.2,0
2019-11-12,7908243600137,174.5,179.9,18.47,0.2,0.2,1.0,Kit para cabelo,beleza_saude,88.0,88.0,88.0,179.9,179.9,179.9,179.9,174.5,177.2,1
2019-11-13,7908243600137,174.5,179.9,23.88,0.2,0.2,1.0,Kit para cabelo,beleza_saude,88.0,88.0,88.0,179.9,179.9,179.9,179.9,174.5,177.2,2
2019-11-14,7908243600137,174.5,177.2,,,,0.0,Kit para cabelo,beleza_saude,88.0,88.0,88.0,179.9,179.9,179.9,179.9,174.5,177.2,3
2019-11-15,7908243600137,174.5,177.2,26.534999999999997,0.2,0.2,2.0,Kit para cabelo,beleza_saude,88.0,88.0,88.0,179.9,179.9,179.9,179.9,174.5,177.2,4
2019-11-16,7908243600137,174.5,172.835,41.555,0.2,0.2,2.0,Kit para cabelo,beleza_saude,72.0,70.0,71.0,179.9,179.9,179.90000000000006,179.9,174.5,178.82000000000005,5
2019-11-17,7908243600137,174.5,179.9,27.03,0.2,0.2,1.0,Kit para cabelo,beleza_saude,69.0,69.0,69.0,179.9,179.9,179.9,179.9,174.5,178.82,6
2019-11-18,7908243600137,174.5,179.9,24.259999999999998,0.2,0.2,2.0,Kit para cabelo,beleza_saude,68.0,67.0,67.4,179.9,179.9,179.9,179.9,174.5,178.82,0
2019-11-19,7908243600137,155.92,175.90000000000003,,,,0.0,Kit para cabelo,beleza_saude,68.0,67.0,67.22222222222223,179.9,179.9,179.90000000000003,179.9,172.7,175.90000000000003,1
2019-11-20,7908243600137,171.51,175.90000000000003,,,,0.0,Kit para cabelo,beleza_saude,68.0,67.0,67.22222222222223,179.9,179.9,179.90000000000003,179.9,172.7,175.90000000000003,2
2019-11-21,7908243600137,171.51,172.69999999999996,15.233333333333334,0.20000000000000004,0.20000000000000004,3.0,Kit para cabelo,beleza_saude,65.0,65.0,65.0,179.9,179.9,179.9,172.7,172.7,172.70000000000002,3
2019-11-22,7908243600137,171.51,172.7,,,,0.0,Kit para cabelo,beleza_saude,64.0,64.0,64.0,179.9,179.9,179.9,172.7,172.7,172.7,4
2019-11-23,7908243600137,171.51,172.7,22.68,0.2,0.2,2.0,Kit para cabelo,beleza_saude,63.0,62.0,62.44444444444444,179.9,179.9,179.90000000000003,172.7,172.7,172.70000000000002,5
2019-11-24,7908243600137,171.51,165.2,22.68,0.2,0.2,2.0,Kit para cabelo,beleza_saude,61.0,60.0,60.5,179.9,179.9,179.90000000000003,172.7,172.7,172.70000000000002,6
2019-11-25,7908243600137,171.51,172.70000000000002,,,,0.0,Kit para cabelo,beleza_saude,61.0,60.0,60.5,179.9,179.9,179.90000000000003,172.7,172.7,172.70000000000002,0
2019-11-26,7908243600137,171.51,172.69999999999996,24.30666666666667,0.20000000000000004,0.20000000000000004,3.0,Kit para cabelo,beleza_saude,59.0,57.0,58.0,179.9,179.9,179.90000000000006,172.7,172.7,172.70000000000002,1
2019-11-27,7908243600137,172.7,172.7,18.12,0.2,0.2,1.0,Kit para cabelo,beleza_saude,57.0,57.0,57.0,179.9,179.9,179.9,172.7,172.7,172.7,2
2019-11-28,7908243600137,172.7,172.69999999999996,,,,0.0,Kit para cabelo,beleza_saude,57.0,57.0,57.0,179.9,172.7,177.5,172.7,172.7,172.69999999999996,3
2019-11-29,7908243600137,151.97,161.4325,16.334374999999998,0.20000000000000004,0.20000000000000004,16.0,Kit para cabelo,beleza_saude,250.0,54.0,116.52631578947368,179.9,172.7,178.76315789473688,172.7,172.7,172.69999999999993,4
2019-11-30,7908243600137,155.43,159.9992307692308,14.100000000000001,0.2,0.2,13.0,Kit para cabelo,beleza_saude,249.0,237.0,243.41666666666666,179.9,172.7,178.69999999999982,172.7,172.7,172.70000000000016,5
2019-12-01,7908243600137,155.43,153.51555555555558,15.016666666666667,0.19999999999999998,0.19999999999999998,9.0,Kit para cabelo,beleza_saude,249.0,237.0,243.41666666666666,179.9,172.7,178.69999999999982,172.7,172.7,172.70000000000016,6
2019-12-02,7908243600137,155.43,160.00428571428574,15.247142857142858,0.19999999999999998,0.19999999999999998,7.0,Kit para cabelo,beleza_saude,249.0,237.0,243.41666666666666,179.9,172.7,178.69999999999982,172.7,172.7,172.70000000000016,0
2019-12-03,7908243600137,146.79,155.43,13.48,0.2,0.2,1.0,Kit para cabelo,beleza_saude,249.0,237.0,243.41666666666666,179.9,172.7,178.69999999999982,172.7,172.7,172.70000000000016,1
2019-12-04,7908243600137,165.66,172.7,14.39,0.2,0.2,1.0,Kit para cabelo,beleza_saude,249.0,237.0,243.41666666666666,179.9,172.7,178.69999999999982,172.7,172.7,172.70000000000016,2
2019-12-05,7908243600137,165.66,168.3825,20.8775,0.2,0.2,4.0,Kit para cabelo,beleza_saude,249.0,237.0,243.41666666666666,179.9,172.7,178.69999999999982,172.7,172.7,172.70000000000016,3
2019-12-06,7908243600137,165.66,172.70000000000016,,,,0.0,Kit para cabelo,beleza_saude,249.0,237.0,243.41666666666666,179.9,172.7,178.69999999999982,172.7,172.7,172.70000000000016,4
2019-12-07,7908243600137,165.66,172.7,21.645,0.2,0.2,4.0,Kit para cabelo,beleza_saude,249.0,237.0,243.41666666666666,179.9,172.7,178.69999999999982,172.7,172.7,172.70000000000016,5
2019-12-08,7908243600137,165.66,172.7,31.37,0.2,0.2,1.0,Kit para cabelo,beleza_saude,249.0,237.0,243.41666666666666,179.9,172.7,178.69999999999982,172.7,172.7,172.70000000000016,6
2019-12-09,7908243600137,165.66,172.7,14.39,0.2,0.2,1.0,Kit para cabelo,beleza_saude,249.0,237.0,243.41666666666666,179.9,172.7,178.69999999999982,172.7,172.7,172.70000000000016,0
2019-12-10,7908243600137,164.06,172.70000000000016,,,,0.0,Kit para cabelo,beleza_saude,249.0,237.0,243.41666666666666,179.9,172.7,178.69999999999982,172.7,172.7,172.70000000000016,1
2019-12-11,7908243600137,165.66,168.38,22.425,0.2,0.2,2.0,Kit para cabelo,beleza_saude,249.0,237.0,243.41666666666666,179.9,172.7,178.69999999999982,172.7,172.7,172.70000000000016,2
2019-12-12,7908243600137,165.66,172.7,10.71,0.2,0.2,1.0,Kit para cabelo,beleza_saude,249.0,237.0,243.41666666666666,179.9,172.7,178.69999999999982,172.7,172.7,172.70000000000016,3
2019-12-13,7908243600137,165.66,172.7,13.2,0.2,0.2,2.0,Kit para cabelo,beleza_saude,249.0,237.0,243.41666666666666,179.9,172.7,178.69999999999982,172.7,172.7,172.70000000000016,4
2019-12-14,7908243600137,155.43,172.70000000000002,26.068571428571428,0.19999999999999998,0.19999999999999998,7.0,Kit para cabelo,beleza_saude,249.0,237.0,243.41666666666666,179.9,172.7,178.69999999999982,172.7,172.7,172.70000000000016,5
2019-12-15,7908243600137,155.43,172.7,15.120000000000001,0.2,0.2,4.0,Kit para cabelo,beleza_saude,249.0,237.0,243.41666666666666,179.9,172.7,178.69999999999982,172.7,172.7,172.70000000000016,6
2019-12-16,7908243600137,189.0,172.7,30.845,0.2,0.2,2.0,Kit para cabelo,beleza_saude,249.0,237.0,243.41666666666666,179.9,172.7,178.69999999999982,172.7,172.7,172.70000000000016,0
2019-12-17,7908243600137,189.0,189.0,27.12,0.2,0.2,1.0,Kit para cabelo,beleza_saude,249.0,237.0,243.41666666666666,179.9,172.7,178.69999999999982,172.7,172.7,172.70000000000016,1
2019-12-18,7908243600137,155.43,172.7,24.990000000000002,0.2,0.2,2.0,Kit para cabelo,beleza_saude,500.0,500.0,500.0,179.9,172.7,178.70000000000002,172.7,172.7,172.70000000000002,2
2019-12-19,7908243600137,172.7,164.065,20.675,0.2,0.2,2.0,Kit para cabelo,beleza_saude,500.0,500.0,500.0,179.9,172.7,178.70000000000002,172.7,172.7,172.70000000000002,3
2019-12-20,7908243600137,169.0,170.54,10.71,0.2,0.2,4.0,Kit para cabelo,beleza_saude,494.0,40.0,402.0,229.0,169.0,186.75999999999996,172.7,169.0,171.95999999999992,4
2019-12-21,7908243600137,169.0,172.7,21.42,0.2,0.2,1.0,Kit para cabelo,beleza_saude,490.0,490.0,490.0,179.9,172.7,178.70000000000002,172.7,172.7,172.70000000000002,5
2019-12-22,7908243600137,169.0,172.7,21.86,0.2,0.2,1.0,Kit para cabelo,beleza_saude,489.0,489.0,489.0,179.9,172.7,178.70000000000002,172.7,172.7,172.70000000000002,6
2019-12-23,7908243600137,169.0,172.69999999999996,21.233333333333334,0.20000000000000004,0.20000000000000004,3.0,Kit para cabelo,beleza_saude,488.0,486.0,487.0,179.9,172.7,178.70000000000005,172.7,172.7,172.69999999999993,0
2019-12-24,7908243600137,169.0,172.69999999999993,,,,0.0,Kit para cabelo,beleza_saude,488.0,486.0,487.0,179.9,172.7,178.70000000000005,172.7,172.7,172.69999999999993,1
2019-12-25,7908243600137,169.0,172.69999999999993,,,,0.0,Kit para cabelo,beleza_saude,488.0,486.0,487.0,179.9,172.7,178.70000000000005,172.7,172.7,172.69999999999993,2
2019-12-26,7908243600137,169.0,172.69999999999996,15.203333333333333,0.20000000000000004,0.20000000000000004,3.0,Kit para cabelo,beleza_saude,485.0,483.0,484.0,179.9,172.7,178.70000000000005,172.7,172.7,172.69999999999993,3
2019-12-27,7908243600137,169.0,170.54,22.03,0.2,0.2,4.0,Kit para cabelo,beleza_saude,482.0,480.0,481.0,179.9,172.7,178.70000000000002,172.7,172.7,172.69999999999993,4
2019-12-28,7908243600137,169.0,172.7,31.37,0.2,0.2,1.0,Kit para cabelo,beleza_saude,480.0,479.0,479.3333333333333,179.9,172.7,178.70000000000005,172.7,172.7,172.69999999999993,5
2019-12-29,7908243600137,169.0,172.69999999999993,,,,0.0,Kit para cabelo,beleza_saude,480.0,479.0,479.3333333333333,179.9,172.7,178.70000000000005,172.7,172.7,172.69999999999993,6
2019-12-30,7908243600137,169.0,172.69999999999993,,,,0.0,Kit para cabelo,beleza_saude,480.0,479.0,479.3333333333333,179.9,172.7,178.70000000000005,172.7,172.7,172.69999999999993,0
2019-12-31,7908243600137,169.0,172.69999999999993,,,,0.0,Kit para cabelo,beleza_saude,480.0,479.0,479.3333333333333,179.9,172.7,178.70000000000005,172.7,172.7,172.69999999999993,1
2020-01-01,7908243600137,169.0,172.7,28.880000000000003,0.2,0.2,2.0,Kit para cabelo,beleza_saude,480.0,479.0,479.3333333333333,179.9,172.7,178.70000000000005,172.7,172.7,172.69999999999993,2
2020-01-02,7908243600137,146.79,166.94333333333333,14.93,0.20000000000000004,0.20000000000000004,3.0,Kit para cabelo,beleza_saude,480.0,479.0,479.3333333333333,179.9,172.7,178.70000000000005,172.7,172.7,172.69999999999993,3
2020-01-03,7908243600137,146.79,164.7276923076923,13.2,0.2,0.2,13.0,Kit para cabelo,beleza_saude,470.0,464.0,466.25,179.9,172.7,178.70000000000002,172.7,172.7,172.69999999999993,4
2020-01-04,7908243600137,146.79,172.7,17.1925,0.2,0.2,4.0,Kit para cabelo,beleza_saude,470.0,464.0,466.25,179.9,172.7,178.70000000000002,172.7,172.7,172.69999999999993,5
2020-01-05,7908243600137,146.79,164.72692307692307,12.522307692307693,0.2,0.2,13.0,Kit para cabelo,beleza_saude,470.0,464.0,466.25,179.9,172.7,178.70000000000002,172.7,172.7,172.69999999999993,6
2020-01-06,7908243600137,157.5,168.0492307692308,15.153846153846153,0.2,0.2,13.0,Kit para cabelo,beleza_saude,441.0,438.0,439.4117647058824,179.9,172.7,178.6294117647059,172.7,172.7,172.69999999999996,0
2020-01-07,7908243600137,157.5,168.00666666666666,21.066666666666666,0.19999999999999998,0.19999999999999998,6.0,Kit para cabelo,beleza_saude,438.0,438.0,438.0,179.9,179.9,179.9,172.7,172.7,172.7,1
2020-01-08,7908243600137,158.86,172.70000000000002,30.29272727272727,0.19999999999999998,0.19999999999999998,11.0,Kit para cabelo,beleza_saude,424.0,419.0,420.1363636363636,179.9,172.7,178.59090909090912,172.7,172.7,172.69999999999993,2
2020-01-09,7908243600137,158.86,172.70000000000002,23.2025,0.19999999999999998,0.19999999999999998,8.0,Kit para cabelo,beleza_saude,414.0,407.0,410.1388888888889,179.9,172.7,178.6999999999999,172.7,172.7,172.6999999999999,3
2020-01-10,7908243600137,158.86,172.69999999999996,28.30666666666667,0.20000000000000004,0.20000000000000004,3.0,Kit para cabelo,beleza_saude,405.0,401.0,403.0357142857143,179.9,172.7,178.61428571428567,172.7,172.7,172.6999999999999,4
2020-01-11,7908243600137,158.86,172.69999999999996,19.406666666666666,0.20000000000000004,0.20000000000000004,3.0,Kit para cabelo,beleza_saude,400.0,399.0,399.45454545454544,179.9,172.7,178.59090909090912,172.7,172.7,172.70000000000002,5
2020-01-12,7908243600137,158.86,172.70000000000002,26.92,0.19999999999999998,0.19999999999999998,6.0,Kit para cabelo,beleza_saude,398.0,394.0,396.0,179.9,172.7,178.69999999999993,172.7,172.7,172.6999999999999,6
2020-01-13,7908243600137,172.7,172.70000000000002,21.221666666666668,0.19999999999999998,0.19999999999999998,6.0,Kit para cabelo,beleza_saude,393.0,389.0,391.1111111111111,179.9,172.7,178.56666666666663,172.7,172.7,172.69999999999993,0
2020-01-14,7908243600137,172.7,172.7,14.39,0.2,0.2,2.0,Kit para cabelo,beleza_saude,389.0,385.0,386.625,179.9,172.7,178.70000000000002,172.7,172.7,172.69999999999993,1
2020-01-15,7908243600137,146.79,172.70000000000002,29.56222222222222,0.19999999999999998,0.19999999999999998,9.0,Kit para cabelo,beleza_saude,384.0,378.0,381.0,179.9,172.7,178.69999999999987,172.7,172.7,172.69999999999987,2
2020-01-16,7908243600137,172.65,172.69999999999996,21.42,0.20000000000000004,0.20000000000000004,3.0,Kit para cabelo,beleza_saude,377.0,373.0,375.1111111111111,179.9,172.7,178.56666666666666,172.7,172.7,172.69999999999993,3
2020-01-17,7908243600137,139.45,171.46571428571428,25.354285714285716,0.19999999999999998,0.19999999999999998,7.0,Kit para cabelo,beleza_saude,372.0,365.0,368.18918918918916,179.9,172.7,178.73243243243232,172.7,172.7,172.6999999999999,4
2020-01-18,7908243600137,164.06,163.29333333333335,23.55333333333333,0.19999999999999998,0.19999999999999998,9.0,Kit para cabelo,beleza_saude,364.0,357.0,360.4347826086956,179.9,172.7,178.8043478260868,172.7,172.7,172.69999999999987,5
2020-01-19,7908243600137,147.65,163.29333333333335,22.961111111111116,0.19999999999999998,0.19999999999999998,9.0,Kit para cabelo,beleza_saude,356.0,349.0,352.6222222222222,179.9,172.7,178.93999999999986,172.7,172.7,172.69999999999987,6
2020-01-20,7908243600137,147.65,164.147,22.550000000000004,0.19999999999999998,0.19999999999999998,10.0,Kit para cabelo,beleza_saude,348.0,341.0,344.42105263157896,179.9,172.7,178.57368421052624,172.7,172.7,172.6999999999999,0
2020-01-21,7908243600137,141.75,157.35,26.209999999999997,0.19999999999999998,0.19999999999999998,6.0,Kit para cabelo,beleza_saude,341.0,332.0,336.1864406779661,179.9,165.79,177.9769491525422,172.7,165.79,168.717966101695,1
2020-01-22,7908243600137,141.75,155.179,23.790999999999997,0.19999999999999998,0.19999999999999998,10.0,Kit para cabelo,beleza_saude,331.0,322.0,326.5135135135135,179.9,165.79,177.2305405405405,165.79,165.79,165.79,2
2020-01-23,7908243600137,144.9,154.59875,23.86,0.19999999999999998,0.19999999999999998,8.0,Kit para cabelo,beleza_saude,322.0,317.0,318.92,179.9,165.79,177.07800000000003,165.79,165.79,165.79,3
2020-01-24,7908243600137,158.86,157.5,26.22,0.19999999999999998,0.19999999999999998,9.0,Kit para cabelo,beleza_saude,316.0,308.0,311.6666666666667,179.9,165.79,177.33454545454543,165.79,165.79,165.79,4
2020-01-25,7908243600137,141.75,150.66125,25.36,0.19999999999999998,0.19999999999999998,8.0,Kit para cabelo,beleza_saude,308.0,301.0,304.09302325581393,179.9,165.79,177.60302325581387,165.79,165.79,165.79,5
2020-01-26,7908243600137,141.75,157.77666666666664,18.796666666666667,0.20000000000000004,0.20000000000000004,3.0,Kit para cabelo,beleza_saude,300.0,299.0,299.5,179.9,165.79,177.54833333333337,165.79,165.79,165.79,6
2020-01-27,7908243600137,141.75,151.88166666666666,24.749444444444443,0.20000000000000007,0.20000000000000007,18.0,Kit para cabelo,beleza_saude,298.0,288.0,293.42,179.9,165.79,177.64239999999987,165.79,165.79,165.79,0
2020-01-28,7908243600137,141.75,146.71692307692308,22.967692307692307,0.2,0.2,13.0,Kit para cabelo,beleza_saude,283.0,272.0,276.1111111111111,179.9,165.79,177.70511111111097,165.79,165.79,165.79,1
2020-01-29,7908243600137,141.75,153.5625,25.2485,0.20000000000000004,0.20000000000000004,20.0,Kit para cabelo,beleza_saude,272.0,253.0,262.20175438596493,179.9,165.79,177.7958771929826,165.79,165.79,165.7900000000005,2
2020-01-30,7908243600137,165.79,149.39333333333332,8.179722222222223,0.2000000000000001,0.2000000000000001,36.0,Kit para cabelo,beleza_saude,370.0,217.0,235.88669950738915,179.9,165.79,177.88285714285783,172.7,165.79,165.85807881773465,3
2020-01-31,7908243600137,149.21,150.70266666666666,0.35200000000000004,0.2000000000000001,0.2000000000000001,30.0,Kit para cabelo,beleza_saude,216.0,189.0,203.5785123966942,179.9,165.79,177.8009917355374,165.79,165.79,165.7900000000005,4
2020-02-01,7908243600137,149.21,165.79,1.1676,0.20000000000000007,0.20000000000000007,25.0,Kit para cabelo,beleza_saude,238.0,162.0,175.21656050955414,179.9,165.79,177.7430573248412,165.79,165.79,165.7900000000006,5
2020-02-02,7908243600137,149.21,164.76769230769227,0.0,0.20000000000000007,0.20000000000000007,26.0,Kit para cabelo,beleza_saude,161.0,140.0,150.640625,179.9,165.79,177.9157812500003,165.79,165.79,165.79000000000053,6
2020-02-03,7908243600137,149.21,165.42155555555553,0.5297777777777778,0.2,0.2,45.0,Kit para cabelo,beleza_saude,139.0,105.0,122.20918367346938,179.9,165.79,178.10025510204144,165.79,165.79,165.79000000000065,0
2020-02-04,7908243600137,149.21,161.36866666666666,8.247666666666666,0.2000000000000001,0.2000000000000001,30.0,Kit para cabelo,beleza_saude,104.0,71.0,87.64324324324325,179.9,165.79,178.06951351351415,165.79,165.79,165.79000000000065,1
2020-02-05,7908243600137,140.92,160.26333333333332,12.650833333333333,0.20000000000000007,0.20000000000000007,24.0,Kit para cabelo,beleza_saude,600.0,39.0,91.0,179.9,165.79,177.86188888888947,165.79,165.79,165.79000000000062,2
2020-02-06,7908243600137,140.92,160.11423076923077,13.841153846153848,0.20000000000000007,0.20000000000000007,26.0,Kit para cabelo,beleza_saude,598.0,574.0,586.1156462585034,179.9,165.79,177.69231292517046,165.79,165.79,165.7900000000006,3
2020-02-07,7908243600137,146.79,159.6135294117647,13.55294117647059,0.20000000000000004,0.20000000000000004,17.0,Kit para cabelo,beleza_saude,574.0,560.0,566.6464646464647,179.9,165.79,175.85656565656572,172.7,165.79,168.30272727272765,4
2020-02-08,7908243600137,146.79,164.065,23.2025,0.2,0.2,4.0,Kit para cabelo,beleza_saude,559.0,554.0,556.5,172.7,172.7,172.6999999999999,172.7,172.7,172.6999999999999,5
2020-02-09,7908243600137,146.79,155.43,24.19,0.2,0.2,2.0,Kit para cabelo,beleza_saude,553.0,551.0,552.0,172.7,172.7,172.69999999999993,172.7,172.7,172.69999999999993,6
2020-02-10,7908243600137,146.79,169.24600000000004,21.122999999999998,0.19999999999999998,0.19999999999999998,10.0,Kit para cabelo,beleza_saude,550.0,541.0,545.5084745762712,172.7,172.7,172.70000000000005,172.7,172.7,172.70000000000005,0
2020-02-11,7908243600137,146.79,172.7,25.292500000000004,0.2,0.2,4.0,Kit para cabelo,beleza_saude,540.0,533.0,536.4222222222222,172.7,172.7,172.69999999999987,172.7,172.7,172.69999999999987,1
2020-02-12,7908243600137,146.79,172.7,17.5,0.2,0.2,2.0,Kit para cabelo,beleza_saude,532.0,530.0,530.9565217391304,172.7,172.7,172.6999999999999,172.7,172.7,172.6999999999999,2
2020-02-13,7908243600137,146.79,166.94333333333336,16.986666666666668,0.19999999999999998,0.19999999999999998,6.0,Kit para cabelo,beleza_saude,527.0,526.0,526.1428571428571,172.7,172.7,172.70000000000002,172.7,172.7,172.70000000000002,3
2020-02-14,7908243600137,155.43,164.065,13.985,0.2,0.2,4.0,Kit para cabelo,beleza_saude,524.0,524.0,524.0,172.7,172.7,172.70000000000002,172.7,172.7,172.70000000000002,4
2020-02-15,7908243600137,155.43,171.77866666666665,10.429333333333334,0.20000000000000004,0.20000000000000004,15.0,Kit para cabelo,beleza_saude,523.0,506.0,514.4392523364486,172.7,172.7,172.70000000000036,172.7,172.7,172.70000000000036,5
2020-02-16,7908243600137,155.43,172.70000000000002,9.603636363636364,0.19999999999999998,0.19999999999999998,11.0,Kit para cabelo,beleza_saude,505.0,495.0,500.0,172.7,172.7,172.70000000000013,172.7,172.7,172.70000000000013,6
2020-02-17,7908243600137,166.25,171.40449999999993,9.141999999999998,0.20000000000000004,0.20000000000000004,20.0,Kit para cabelo,beleza_saude,494.0,477.0,485.48039215686276,172.7,172.7,172.70000000000033,172.7,172.7,172.70000000000033,0
2020-02-18,7908243600137,166.25,168.3825,6.955,0.20000000000000004,0.20000000000000004,16.0,Kit para cabelo,beleza_saude,527.0,465.0,471.27777777777777,172.7,172.7,172.70000000000016,172.7,172.7,172.70000000000016,1
2020-02-19,7908243600137,166.25,170.88210526315785,5.777894736842105,0.20000000000000007,0.20000000000000007,19.0,Kit para cabelo,beleza_saude,464.0,447.0,456.93975903614455,172.7,172.7,172.70000000000024,172.7,172.7,172.70000000000024,2
2020-02-20,7908243600137,155.38,172.70000000000002,6.537000000000001,0.19999999999999998,0.19999999999999998,10.0,Kit para cabelo,beleza_saude,446.0,437.0,441.3137254901961,172.7,172.7,172.69999999999993,172.7,172.7,172.69999999999993,3
2020-02-21,7908243600137,155.38,172.70000000000002,5.555,0.19999999999999998,0.19999999999999998,6.0,Kit para cabelo,beleza_saude,436.0,428.0,431.9433962264151,172.7,172.7,172.69999999999996,172.7,172.7,172.69999999999996,4
2020-02-22,7908243600137,155.38,172.7,5.355,0.2,0.2,2.0,Kit para cabelo,beleza_saude,427.0,424.0,425.44444444444446,172.7,172.7,172.69999999999993,172.7,172.7,172.69999999999993,5
2020-02-23,7908243600137,155.38,166.22375000000002,5.5575,0.19999999999999998,0.19999999999999998,8.0,Kit para cabelo,beleza_saude,424.0,418.0,421.0731707317073,172.7,172.7,172.69999999999987,172.7,172.7,172.69999999999987,6
2020-02-24,7908243600137,155.38,172.70000000000002,7.285,0.19999999999999998,0.19999999999999998,8.0,Kit para cabelo,beleza_saude,435.0,413.0,416.24242424242425,172.7,172.7,172.6999999999999,172.7,172.7,172.6999999999999,0
2020-02-25,7908243600137,155.38,172.70000000000002,4.1971428571428575,0.19999999999999998,0.19999999999999998,7.0,Kit para cabelo,beleza_saude,412.0,405.0,408.4468085106383,172.7,172.7,172.69999999999987,172.7,172.7,172.69999999999987,1
2020-02-26,7908243600137,155.38,172.7,1.2146153846153847,0.2,0.2,13.0,Kit para cabelo,beleza_saude,404.0,394.0,399.1111111111111,172.7,172.7,172.7000000000001,172.7,172.7,172.7000000000001,2
2020-02-27,7908243600137,155.38,172.6999999999999,0.0,0.2000000000000001,0.2000000000000001,30.0,Kit para cabelo,beleza_saude,393.0,365.0,379.85714285714283,172.7,172.7,172.7000000000005,172.7,172.7,172.7000000000005,3
2020-02-28,7908243600137,155.38,171.48058823529405,0.04411764705882353,0.2000000000000001,0.2000000000000001,34.0,Kit para cabelo,beleza_saude,364.0,362.0,362.94117647058823,172.7,172.7,172.69999999999996,172.7,172.7,172.69999999999996,4
2020-02-29,7908243600137,155.38,171.1627272727272,0.2727272727272727,0.20000000000000007,0.20000000000000007,22.0,Kit para cabelo,beleza_saude,364.0,362.0,362.94117647058823,172.7,172.7,172.69999999999996,172.7,172.7,172.69999999999996,5
2020-03-01,7908243600137,155.38,172.6999999999999,0.0,0.20000000000000007,0.20000000000000007,23.0,Kit para cabelo,beleza_saude,364.0,362.0,362.94117647058823,172.7,172.7,172.69999999999996,172.7,172.7,172.69999999999996,6
2020-03-02,7908243600137,155.38,172.69999999999993,0.07894736842105263,0.20000000000000007,0.20000000000000007,19.0,Kit para cabelo,beleza_saude,364.0,362.0,362.94117647058823,172.7,172.7,172.69999999999996,172.7,172.7,172.69999999999996,0
2020-03-03,7908243600137,155.38,172.70000000000002,6.314,0.19999999999999998,0.19999999999999998,10.0,Kit para cabelo,beleza_saude,364.0,362.0,362.94117647058823,172.7,172.7,172.69999999999996,172.7,172.7,172.69999999999996,1
2020-03-04,7908243600137,161.0,172.7,25.668,0.2,0.2,5.0,Kit para cabelo,beleza_saude,364.0,362.0,362.94117647058823,172.7,172.7,172.69999999999996,172.7,172.7,172.69999999999996,2
2020-03-05,7908243600137,172.7,177.02,22.650000000000002,0.2,0.2,5.0,Kit para cabelo,beleza_saude,364.0,362.0,362.94117647058823,172.7,172.7,172.69999999999996,172.7,172.7,172.69999999999996,3
2020-03-06,7908243600137,172.7,179.9,13.037500000000001,0.2,0.2,4.0,Kit para cabelo,beleza_saude,364.0,362.0,362.94117647058823,172.7,172.7,172.69999999999996,172.7,172.7,172.69999999999996,4
2020-03-07,7908243600137,172.7,179.9,24.566,0.2,0.2,5.0,Kit para cabelo,beleza_saude,364.0,362.0,362.94117647058823,172.7,172.7,172.69999999999996,172.7,172.7,172.69999999999996,5
2020-03-08,7908243600137,172.7,179.9,16.0825,0.2,0.2,4.0,Kit para cabelo,beleza_saude,364.0,362.0,362.94117647058823,172.7,172.7,172.69999999999996,172.7,172.7,172.69999999999996,6
2020-03-09,7908243600137,152.91,173.23333333333335,15.453333333333333,0.20000000000000004,0.20000000000000004,3.0,Kit para cabelo,beleza_saude,364.0,362.0,362.94117647058823,172.7,172.7,172.69999999999996,172.7,172.7,172.69999999999996,0
2020-03-10,7908243600137,152.91,166.0288235294118,14.187647058823531,0.20000000000000004,0.20000000000000004,17.0,Kit para cabelo,beleza_saude,364.0,362.0,362.94117647058823,172.7,172.7,172.69999999999996,172.7,172.7,172.69999999999996,1
2020-03-11,7908243600137,152.91,166.4714285714286,18.39357142857143,0.2,0.2,14.0,Kit para cabelo,beleza_saude,364.0,362.0,362.94117647058823,172.7,172.7,172.69999999999996,172.7,172.7,172.69999999999996,2
2020-03-12,7908243600137,161.4,168.61,11.755454545454546,0.19999999999999998,0.19999999999999998,11.0,Kit para cabelo,beleza_saude,364.0,362.0,362.94117647058823,172.7,172.7,172.69999999999996,172.7,172.7,172.69999999999996,3
2020-03-13,7908243600137,161.4,140.67,13.23,0.2,0.2,1.0,Kit para cabelo,beleza_saude,364.0,362.0,362.94117647058823,172.7,172.7,172.69999999999996,172.7,172.7,172.69999999999996,4
2020-03-14,7908243600137,161.4,172.69999999999996,,,,0.0,Kit para cabelo,beleza_saude,364.0,362.0,362.94117647058823,172.7,172.7,172.69999999999996,172.7,172.7,172.69999999999996,5
2020-03-15,7908243600137,161.4,172.69999999999996,,,,0.0,Kit para cabelo,beleza_saude,364.0,362.0,362.94117647058823,172.7,172.7,172.69999999999996,172.7,172.7,172.69999999999996,6
2020-03-16,7908243600137,161.4,172.69999999999996,,,,0.0,Kit para cabelo,beleza_saude,364.0,362.0,362.94117647058823,172.7,172.7,172.69999999999996,172.7,172.7,172.69999999999996,0
2020-03-17,7908243600137,161.4,172.69999999999996,,,,0.0,Kit para cabelo,beleza_saude,364.0,362.0,362.94117647058823,172.7,172.7,172.69999999999996,172.7,172.7,172.69999999999996,1
2020-03-18,7908243600137,161.4,172.69999999999996,,,,0.0,Kit para cabelo,beleza_saude,364.0,362.0,362.94117647058823,172.7,172.7,172.69999999999996,172.7,172.7,172.69999999999996,2
2020-03-19,7908243600137,161.4,172.69999999999996,,,,0.0,Kit para cabelo,beleza_saude,364.0,362.0,362.94117647058823,172.7,172.7,172.69999999999996,172.7,172.7,172.69999999999996,3
2020-03-20,7908243600137,161.4,172.69999999999996,,,,0.0,Kit para cabelo,beleza_saude,364.0,362.0,362.94117647058823,172.7,172.7,172.69999999999996,172.7,172.7,172.69999999999996,4
2020-03-21,7908243600137,161.4,172.69999999999996,,,,0.0,Kit para cabelo,beleza_saude,364.0,362.0,362.94117647058823,172.7,172.7,172.69999999999996,172.7,172.7,172.69999999999996,5
2020-03-22,7908243600137,161.4,172.69999999999996,,,,0.0,Kit para cabelo,beleza_saude,364.0,362.0,362.94117647058823,172.7,172.7,172.69999999999996,172.7,172.7,172.69999999999996,6
2020-03-23,7908243600137,161.4,172.69999999999996,,,,0.0,Kit para cabelo,beleza_saude,364.0,362.0,362.94117647058823,172.7,172.7,172.69999999999996,172.7,172.7,172.69999999999996,0
2020-03-24,7908243600137,161.4,172.69999999999996,,,,0.0,Kit para cabelo,beleza_saude,364.0,362.0,362.94117647058823,172.7,172.7,172.69999999999996,172.7,172.7,172.69999999999996,1
2020-03-25,7908243600137,161.4,172.69999999999996,,,,0.0,Kit para cabelo,beleza_saude,364.0,362.0,362.94117647058823,172.7,172.7,172.69999999999996,172.7,172.7,172.69999999999996,2
2020-03-26,7908243600137,161.4,172.69999999999996,,,,0.0,Kit para cabelo,beleza_saude,364.0,362.0,362.94117647058823,172.7,172.7,172.69999999999996,172.7,172.7,172.69999999999996,3
2020-03-27,7908243600137,161.4,172.69999999999996,,,,0.0,Kit para cabelo,beleza_saude,364.0,362.0,362.94117647058823,172.7,172.7,172.69999999999996,172.7,172.7,172.69999999999996,4
2020-03-28,7908243600137,161.4,172.69999999999996,,,,0.0,Kit para cabelo,beleza_saude,364.0,362.0,362.94117647058823,172.7,172.7,172.69999999999996,172.7,172.7,172.69999999999996,5
2020-03-29,7908243600137,161.4,172.69999999999996,,,,0.0,Kit para cabelo,beleza_saude,364.0,362.0,362.94117647058823,172.7,172.7,172.69999999999996,172.7,172.7,172.69999999999996,6
2020-03-30,7908243600137,161.4,172.69999999999996,,,,0.0,Kit para cabelo,beleza_saude,364.0,362.0,362.94117647058823,172.7,172.7,172.69999999999996,172.7,172.7,172.69999999999996,0
2020-03-31,7908243600137,161.4,172.69999999999996,,,,0.0,Kit para cabelo,beleza_saude,364.0,362.0,362.94117647058823,172.7,172.7,172.69999999999996,172.7,172.7,172.69999999999996,1
2020-04-01,7908243600137,161.4,172.69999999999996,,,,0.0,Kit para cabelo,beleza_saude,364.0,362.0,362.94117647058823,172.7,172.7,172.69999999999996,172.7,172.7,172.69999999999996,2
