year,month,dayofweek,day,freight_value,competition_price,stock,black_friday,carnival,christmas,friday,mothers_day,new_year,others,valentines,base_cost
2017,6,4,30,25.73,931.1842857142856,0.0,0,0,0,0,0,0,0,0,744.9474285714285
2017,7,5,1,25.73,931.1842857142856,0.0,0,0,0,0,0,0,0,0,744.9474285714285
2017,7,6,2,25.73,931.1842857142856,0.0,0,0,0,0,0,0,0,0,744.9474285714285
2017,7,0,3,25.73,931.1842857142856,0.0,0,0,0,0,0,0,0,0,744.9474285714285
2017,7,1,4,25.73,931.1842857142856,0.0,0,0,0,0,0,0,0,0,744.9474285714285
2017,7,2,5,25.73,907.27375,0.0,0,0,0,0,0,0,0,0,725.819
2017,7,3,6,25.73,907.27375,0.0,0,0,0,0,0,0,0,0,725.819
2017,7,4,7,25.73,907.27375,0.0,0,0,0,0,0,0,0,0,725.819
2017,7,5,8,25.73,907.27375,0.0,0,0,0,0,0,0,0,0,725.819
2017,7,6,9,25.73,907.27375,0.0,0,0,0,0,0,0,0,0,725.819
2017,7,0,10,25.73,898.0539999999997,1.0,0,0,0,0,0,0,0,0,718.4431999999998
2017,7,1,11,25.73,898.0539999999997,1.0,0,0,0,0,0,0,0,0,718.4431999999998
2017,7,2,12,25.73,898.0539999999997,1.0,0,0,0,0,0,0,0,0,718.4431999999998
2017,7,3,13,25.73,907.3209090909088,2.0,0,0,0,0,0,0,0,0,725.8567272727271
2017,7,4,14,25.73,907.3209090909088,2.0,0,0,0,0,0,0,0,0,725.8567272727271
2017,7,5,15,25.73,907.3209090909088,2.0,0,0,0,0,0,0,0,0,725.8567272727271
2017,7,6,16,25.73,907.3209090909088,2.0,0,0,0,0,0,0,0,0,725.8567272727271
2017,7,0,17,27.78540123456791,894.1274999999998,4.0,0,0,0,0,0,0,0,0,715.3019999999999
2017,7,1,18,27.78540123456791,894.1274999999998,3.0,0,0,0,0,0,0,0,0,715.3019999999999
2017,7,2,19,24.128711934156378,899.2230769230767,4.0,0,0,0,0,0,0,0,0,719.3784615384615
2017,7,3,20,24.128711934156378,899.2230769230767,3.0,0,0,0,0,0,0,0,0,719.3784615384615
2017,7,4,21,24.128711934156378,899.2230769230767,7.0,0,0,0,0,0,0,0,0,719.3784615384615
2017,7,5,22,24.128711934156378,899.2230769230767,7.0,0,0,0,0,0,0,0,0,719.3784615384615
2017,7,6,23,24.128711934156378,899.2230769230767,7.0,0,0,0,0,0,0,0,0,719.3784615384615
2017,7,0,24,22.346533950617285,915.7673333333332,9.0,0,0,0,0,0,0,0,0,732.6138666666666
2017,7,1,25,22.346533950617285,915.7673333333332,9.0,0,0,0,0,0,0,0,0,732.6138666666666
2017,7,2,26,22.346533950617285,907.50125,10.0,0,0,0,0,0,0,0,0,726.0010000000001
2017,7,3,27,22.346533950617285,907.50125,10.0,0,0,0,0,0,0,0,0,726.0010000000001
2017,7,4,28,26.913093827160502,901.1188235294117,12.0,0,0,0,0,0,0,0,0,720.8950588235293
2017,7,5,29,26.764827160493827,901.1188235294117,12.0,0,0,0,0,0,0,0,0,720.8950588235293
2017,7,6,30,26.62176049382716,901.1188235294117,15.0,0,0,0,0,0,0,0,0,720.8950588235293
2017,7,0,31,27.14628927823853,921.8219047619046,28.0,0,0,0,0,0,0,0,0,737.4575238095238
2017,8,1,1,27.269423647384176,938.9569565217392,145.0,0,0,0,0,0,0,0,0,751.1655652173914
2017,8,2,2,27.269423647384176,938.9569565217392,145.0,0,0,0,0,0,0,0,0,751.1655652173914
2017,8,3,3,27.269423647384176,938.9569565217392,145.0,0,0,0,0,0,0,0,0,751.1655652173914
2017,8,4,4,27.269423647384176,938.9569565217392,158.0,0,0,0,0,0,0,0,0,751.1655652173914
2017,8,5,5,27.269423647384176,938.9569565217392,158.0,0,0,0,0,0,0,0,0,751.1655652173914
2017,8,6,6,27.269423647384176,938.9569565217392,158.0,0,0,0,0,0,0,0,0,751.1655652173914
2017,8,0,7,26.70598128264576,959.7692307692308,218.0,0,0,0,0,0,0,0,0,767.8153846153847
2017,8,1,8,26.70598128264576,950.1477777777777,223.0,0,0,0,0,0,0,0,0,760.1182222222222
2017,8,2,9,27.160408678958273,943.4209090909093,501.0,0,0,0,0,0,0,0,0,754.7367272727274
2017,8,3,10,26.742879487604107,943.768,1506.0,0,0,0,0,0,0,0,0,755.0144
2017,8,4,11,26.742879487604107,951.9397297297297,1526.0,0,0,0,0,0,0,0,0,761.5517837837838
2017,8,5,12,26.742879487604107,951.9397297297297,1526.0,0,0,0,0,0,0,0,0,761.5517837837838
2017,8,6,13,26.742879487604107,951.9397297297297,1526.0,0,0,0,0,0,0,0,0,761.5517837837838
2017,8,0,14,26.363354188430506,952.1615789473683,1531.0,0,0,0,0,0,0,0,0,761.7292631578947
2017,8,1,15,27.15788752176384,952.1615789473683,1530.0,0,0,0,0,0,0,0,0,761.7292631578947
2017,8,2,16,26.363354188430506,943.3745238095239,1510.0,0,0,0,0,0,0,0,0,754.6996190476192
2017,8,3,17,26.363354188430506,943.3745238095239,1509.0,0,0,0,0,0,0,0,0,754.6996190476192
2017,8,4,18,26.363354188430506,943.3745238095239,1506.0,0,0,0,0,0,0,0,0,754.6996190476192
2017,8,5,19,26.363354188430506,943.3745238095239,1506.0,0,0,0,0,0,0,0,0,754.6996190476192
2017,8,6,20,26.363354188430506,943.3745238095239,1506.0,0,0,0,0,0,0,0,0,754.6996190476192
2017,8,0,21,26.363354188430506,943.3745238095239,1506.0,0,0,0,0,0,0,0,0,754.6996190476192
2017,8,1,22,27.27352085509717,943.3745238095239,1505.0,0,0,0,0,0,0,0,0,754.6996190476192
2017,8,2,23,26.16031121832027,940.6348837209301,1504.0,0,0,0,0,0,0,0,0,752.5079069767442
2017,8,3,24,26.425311218320264,940.6348837209301,1513.0,0,0,0,0,0,0,0,0,752.5079069767442
2017,8,4,25,26.720606636850448,935.9401363636366,1493.0,0,0,0,0,0,0,0,0,748.7521090909094
2017,8,5,26,26.720606636850448,935.3719545454547,1496.0,0,0,0,0,0,0,0,0,748.2975636363639
2017,8,6,27,26.720606636850448,935.3719545454547,1496.0,0,0,0,0,0,0,0,0,748.2975636363639
2017,8,0,28,26.720606636850448,935.3719545454547,1496.0,0,0,0,0,0,0,0,0,748.2975636363639
2017,8,1,29,26.720606636850448,934.1588636363637,1495.0,0,0,0,0,0,0,0,0,747.327090909091
2017,8,2,30,29.966606392950233,936.2906382978723,1479.0,0,0,0,0,0,0,0,0,749.0325106382979
2017,8,3,31,29.966606392950233,930.6148226950355,1484.0,0,0,0,0,0,0,0,0,744.4918581560285
2017,9,4,1,29.966606392950233,930.6148226950355,1484.0,0,0,0,0,0,0,0,0,744.4918581560285
2017,9,5,2,29.966606392950233,930.6148226950355,1484.0,0,0,0,0,0,0,0,0,744.4918581560285
2017,9,6,3,29.966606392950233,929.7690248226953,1584.0,0,0,0,0,0,0,0,0,743.8152198581563
2017,9,0,4,30.13650639295024,929.7690248226953,1584.0,0,0,0,0,0,0,0,0,743.8152198581563
2017,9,1,5,30.13650639295024,935.2158333333334,1627.0,0,0,0,0,0,0,0,0,748.1726666666668
2017,9,2,6,29.966606392950233,935.2158333333334,1626.0,0,0,0,0,0,0,0,0,748.1726666666668
2017,9,3,7,29.088333665677514,935.2158333333334,1626.0,0,0,0,0,0,0,0,0,748.1726666666668
2017,9,4,8,29.966606392950233,935.2158333333334,1626.0,0,0,0,0,0,0,0,0,748.1726666666668
2017,9,5,9,29.61000639295024,935.2158333333334,1625.0,0,0,0,0,0,0,0,0,748.1726666666668
2017,9,6,10,29.966606392950233,935.2158333333334,1625.0,0,0,0,0,0,0,0,0,748.1726666666668
2017,9,0,11,29.528306392950235,934.5775354609931,1629.0,0,0,0,0,0,0,0,0,747.6620283687945
2017,9,1,12,29.966606392950233,934.5775354609931,1628.0,0,0,0,0,0,0,0,0,747.6620283687945
2017,9,2,13,29.681667016502644,942.5562588652484,1617.0,0,0,0,0,0,0,0,0,754.0450070921988
2017,9,3,14,29.813245963871058,942.5562588652484,1617.0,0,0,0,0,0,0,0,0,754.0450070921988
2017,9,4,15,29.71885639295024,939.9876388888894,1616.0,0,0,0,0,0,0,0,0,751.9901111111116
2017,9,5,16,29.904213855608603,939.9876388888894,1616.0,0,0,0,0,0,0,0,0,751.9901111111116
2017,9,6,17,30.64455639295024,939.9876388888894,1616.0,0,0,0,0,0,0,0,0,751.9901111111116
2017,9,0,18,29.71885639295024,938.9835069444447,1611.0,0,0,0,0,0,0,0,0,751.1868055555558
2017,9,1,19,29.71885639295024,938.9835069444447,1598.0,0,0,0,0,0,0,0,0,751.1868055555558
2017,9,2,20,29.71885639295024,928.4904761904763,1590.0,0,0,0,0,0,0,0,0,742.7923809523811
2017,9,3,21,29.71885639295024,928.4904761904763,1590.0,0,0,0,0,0,0,0,0,742.7923809523811
2017,9,4,22,29.71360639295024,920.3272108843539,1604.0,0,0,0,0,0,0,0,0,736.384217687075
2017,9,5,23,28.908829681597627,917.3271794871796,1653.0,0,0,0,0,0,0,0,0,733.8617435897437
2017,9,6,24,29.5207815693487,919.7531481481484,1673.0,0,0,0,0,0,0,0,0,735.8025185185188
2017,9,0,25,29.91038310523631,913.9105000000003,1674.0,0,0,0,0,0,0,0,0,731.1284000000003
2017,9,1,26,29.913408350284158,922.6847692307692,1676.0,0,0,0,0,0,0,0,0,738.1478153846155
2017,9,2,27,29.913408350284158,922.7196969696972,1666.0,0,0,0,0,0,0,0,0,738.1757575757579
2017,9,3,28,30.499530196768323,927.2334782608698,1665.0,0,0,0,0,0,0,0,0,741.7867826086958
2017,9,4,29,30.499530196768323,928.7915714285716,1645.0,0,0,0,0,0,0,0,0,743.0332571428573
2017,9,5,30,29.71015583250903,930.1294063926944,1639.0,0,0,0,0,0,0,0,0,744.1035251141556
2017,10,6,1,30.328299771902966,928.748931623932,1659.0,0,0,0,0,0,0,0,0,742.9991452991457
2017,10,0,2,32.901703835688984,932.8107692307697,1708.0,0,0,0,0,0,0,0,0,746.2486153846157
2017,10,1,3,33.12326633568897,932.8107692307697,1703.0,0,0,0,0,0,0,0,0,746.2486153846157
2017,10,2,4,32.95978012670586,930.447372134039,1702.0,0,0,0,0,0,0,0,0,744.3578977072312
2017,10,3,5,32.95978012670586,930.447372134039,1707.0,0,0,0,0,0,0,0,0,744.3578977072312
2017,10,4,6,32.95978012670586,930.447372134039,1707.0,0,0,0,0,0,0,0,0,744.3578977072312
2017,10,5,7,33.55756194488768,930.447372134039,1711.0,0,0,0,0,0,0,0,0,744.3578977072312
2017,10,6,8,32.83981944756856,928.6004529616728,1726.0,0,0,0,0,0,0,0,0,742.8803623693383
2017,10,0,9,32.83981944756856,929.5069570267135,1731.0,0,0,0,0,0,0,0,0,743.6055656213708
2017,10,1,10,32.83981944756856,928.9795180023233,1976.0,0,0,0,0,0,0,0,0,743.1836144018587
2017,10,2,11,32.83981944756856,928.9795180023233,2301.0,0,0,0,0,0,0,0,0,743.1836144018587
2017,10,3,12,31.879896370645486,928.6136643437868,2299.0,0,0,0,0,0,0,0,0,742.8909314750294
2017,10,4,13,29.44013361968101,927.0012412981037,1726.0,0,0,0,0,0,0,0,0,741.600993038483
2017,10,5,14,29.485892548252444,923.2773717140352,1859.0,0,0,0,0,0,0,0,0,738.6218973712282
2017,10,6,15,30.67989025205977,934.3771752070396,1945.0,0,0,0,0,0,0,0,0,747.5017401656318
2017,10,0,16,28.983455048252438,925.1251552795036,4856.0,0,0,0,0,0,0,0,0,740.100124223603
2017,10,1,17,29.53209380315125,925.8643381976452,2745.0,0,0,0,0,0,0,0,0,740.6914705581162
2017,10,2,18,29.575831623664065,925.8643381976452,2621.0,0,0,0,0,0,0,0,0,740.6914705581162
2017,10,3,19,30.42524526723207,933.9418530543536,2531.0,0,0,0,0,0,0,0,0,747.153482443483
2017,10,4,20,31.05163524305763,930.6300369322653,2337.0,0,0,0,0,0,0,0,0,743.0782869715546
2017,10,5,21,29.272740801149453,930.5774498746871,2361.0,0,0,0,0,0,0,0,0,744.4619598997497
2017,10,6,22,29.25441623121441,934.343828828829,2356.0,0,0,0,0,0,0,0,0,747.4750630630633
2017,10,0,23,29.272740801149453,930.9112946428572,2351.0,0,0,0,0,0,0,0,0,744.7290357142858
2017,10,1,24,29.272740801149453,930.9112946428572,2351.0,0,0,0,0,0,0,0,0,744.7290357142858
2017,10,2,25,29.272740801149453,930.2474778761062,2401.0,0,0,0,0,0,0,0,0,744.1979823008851
2017,10,3,26,27.82065179473492,931.714557522124,2425.0,0,0,0,0,0,0,0,0,745.3716460176993
2017,10,4,27,27.351861472154283,936.0174568965518,2423.0,0,0,0,0,0,0,0,0,748.8139655172415
2017,10,5,28,27.351861472154283,936.0174568965518,2423.0,0,0,0,0,0,0,0,0,748.8139655172415
2017,10,6,29,27.351861472154283,936.0174568965518,2423.0,0,0,0,0,0,0,0,0,748.8139655172415
2017,10,0,30,27.406006426149453,938.744698275862,2435.0,0,0,0,0,0,0,0,0,750.9957586206897
2017,10,1,31,27.534678301149448,938.744698275862,2434.0,0,0,0,0,0,0,0,0,750.9957586206897
2017,11,2,1,27.937115801149453,938.744698275862,433.0,0,0,0,0,0,0,0,0,750.9957586206897
2017,11,3,2,27.534678301149448,938.744698275862,433.0,0,0,0,0,0,0,0,0,750.9957586206897
2017,11,4,3,27.534678301149448,942.0410919540233,429.0,0,0,0,0,0,0,0,0,753.6328735632187
2017,11,5,4,27.534678301149448,942.0410919540233,429.0,0,0,0,0,0,0,0,0,753.6328735632187
2017,11,6,5,27.32586580114945,942.0410919540233,429.0,0,0,0,0,0,0,0,0,753.6328735632187
2017,11,0,6,27.534678301149448,942.6424057971016,555.0,0,0,0,0,0,0,0,0,754.1139246376813
2017,11,1,7,27.46028719895635,946.0867100832892,524.0,0,0,0,0,0,0,0,0,756.8693680666314
2017,11,2,8,27.46028719895635,946.0867100832892,524.0,0,0,0,0,0,0,0,0,756.8693680666314
2017,11,3,9,27.776028223988966,945.8945647782173,527.0,0,0,0,0,0,0,0,0,756.7156518225738
2017,11,4,10,27.454653223988966,944.1482890306577,522.0,0,0,0,0,0,0,0,0,755.3186312245261
2017,11,5,11,27.5269607768722,941.2503012887497,537.0,0,0,0,0,0,0,0,0,753.0002410309999
2017,11,6,12,27.5269607768722,941.2503012887497,537.0,0,0,0,0,0,0,0,0,753.0002410309999
2017,11,0,13,27.587945346604,940.302257834758,541.0,0,0,0,0,0,0,0,0,752.2418062678065
2017,11,1,14,27.375928301149454,940.7964672364676,530.0,0,0,0,0,0,0,0,0,752.6371737891741
2017,11,2,15,27.587945346604,940.7964672364676,534.0,0,0,0,0,0,0,0,0,752.6371737891741
2017,11,3,16,27.375928301149454,940.7964672364676,534.0,0,0,0,0,0,0,0,0,752.6371737891741
2017,11,4,17,27.375928301149454,940.7964672364676,534.0,0,0,0,0,0,0,0,0,752.6371737891741
2017,11,5,18,27.375928301149454,940.7964672364676,534.0,0,0,0,0,0,0,0,0,752.6371737891741
2017,11,6,19,27.375928301149454,940.7964672364676,534.0,0,0,0,0,0,0,0,0,752.6371737891741
2017,11,0,20,27.375928301149454,940.7964672364676,531.0,0,0,0,0,0,0,0,0,752.6371737891741
2017,11,1,21,27.308353301149452,940.0286960333116,529.0,1,0,0,0,0,0,0,0,752.0229568266493
2017,11,2,22,27.34372830114945,939.7001490247644,523.0,1,0,0,0,0,0,0,0,751.7601192198116
2017,11,3,23,27.613043521226093,940.5123255295433,430.0,1,0,0,0,0,0,0,0,752.4098604236347
2017,11,4,24,27.426179718122018,934.6225641025644,438.0,1,0,0,0,0,0,0,0,747.6980512820516
2017,11,5,25,27.45745391167041,934.4501503094608,72.0,1,0,0,0,0,0,0,0,747.5601202475686
2017,11,6,26,27.45745391167041,934.4501503094608,72.0,1,0,0,0,0,0,0,0,747.5601202475686
2017,11,0,27,27.45745391167041,936.1021043324497,66.0,1,0,0,0,0,0,0,0,748.8816834659598
2017,11,1,28,27.437295976930706,938.481048850575,84.0,0,0,0,0,0,0,0,0,750.7848390804601
2017,11,2,29,27.437295976930706,938.2170402298854,84.0,0,0,0,0,0,0,0,0,750.5736321839083
2017,11,3,30,27.35954327240537,941.0212711864407,79.0,0,0,0,0,0,0,0,0,752.8170169491526
2017,12,4,1,26.83013150769949,944.2622316384184,79.0,0,0,0,0,0,0,0,0,755.4097853107347
2017,12,5,2,26.83013150769949,944.2622316384184,79.0,0,0,0,0,0,0,0,0,755.4097853107347
2017,12,6,3,26.83013150769949,944.2622316384184,79.0,0,0,0,0,0,0,0,0,755.4097853107347
2017,12,0,4,26.83013150769949,944.2622316384184,79.0,0,0,0,0,0,0,0,0,755.4097853107347
2017,12,1,5,26.83013150769949,940.9154901960788,2078.0,0,0,0,0,0,0,0,0,752.7323921568632
2017,12,2,6,27.970602095934783,934.401550671551,73.0,0,0,0,0,0,0,0,0,747.5212405372408
2017,12,3,7,27.970602095934783,935.3253510895888,83.0,0,0,0,0,0,0,0,0,748.2602808716711
2017,12,4,8,27.457304757271732,934.0109133489464,123.0,0,0,0,0,0,0,0,0,747.2087306791572
2017,12,5,9,27.457304757271732,934.0109133489464,123.0,0,0,0,0,0,0,0,0,747.2087306791572
2017,12,6,10,27.457304757271732,934.0109133489464,123.0,0,0,0,0,0,0,0,0,747.2087306791572
2017,12,0,11,27.457304757271732,934.5780957259956,123.0,0,0,0,0,0,0,0,0,747.6624765807965
2017,12,1,12,27.457304757271732,934.5780957259956,123.0,0,0,0,0,0,0,0,0,747.6624765807965
2017,12,2,13,27.457304757271732,934.9996413934427,133.0,0,0,0,0,0,0,0,0,747.9997131147543
2017,12,3,14,27.412196004304896,937.9039944903584,123.0,0,0,0,0,0,0,0,0,750.3231955922868
2017,12,4,15,27.412196004304896,938.8947658402203,98.0,0,0,0,0,0,0,0,0,751.1158126721763
2017,12,5,16,27.412196004304896,939.021487603306,88.0,0,0,0,0,0,0,0,0,751.2171900826448
2017,12,6,17,27.412196004304896,939.021487603306,88.0,0,0,0,0,0,0,0,0,751.2171900826448
2017,12,0,18,27.412196004304896,939.021487603306,88.0,0,0,0,0,0,0,0,0,751.2171900826448
2017,12,1,19,27.412196004304896,940.9419945355193,88.0,0,0,0,0,0,0,0,0,752.7535956284155
2017,12,2,20,27.412196004304896,940.9419945355193,88.0,0,0,0,0,0,0,0,0,752.7535956284155
2017,12,3,21,27.457304757271732,939.2757723577237,83.0,0,0,0,0,0,0,0,0,751.420617886179
2017,12,4,22,27.457304757271732,940.0887804878051,83.0,0,0,0,0,0,0,0,0,752.0710243902441
2017,12,5,23,27.457304757271732,940.0887804878051,83.0,0,0,0,0,0,0,0,0,752.0710243902441
2017,12,6,24,27.457304757271732,940.0887804878051,83.0,0,0,1,0,0,0,0,0,752.0710243902441
2017,12,0,25,27.457304757271732,940.0887804878051,83.0,0,0,1,0,0,0,0,0,752.0710243902441
2017,12,1,26,27.412196004304896,942.1031967213116,83.0,0,0,0,0,0,0,0,0,753.6825573770493
2017,12,2,27,27.412196004304896,941.7604371584703,93.0,0,0,0,0,0,0,0,0,753.4083497267762
2017,12,3,28,27.412196004304896,938.0780266666667,89.0,0,0,0,0,0,0,0,0,750.4624213333334
2017,12,4,29,27.412196004304896,938.0780266666667,89.0,0,0,0,0,0,0,0,0,750.4624213333334
2017,12,5,30,27.412196004304896,938.2113866666671,89.0,0,0,0,0,0,0,0,0,750.5691093333337
2017,12,6,31,27.412196004304896,938.2113866666671,89.0,0,0,0,0,0,1,0,0,750.5691093333337
2018,1,0,1,27.412196004304896,938.2113866666671,89.0,0,0,0,0,0,1,0,0,750.5691093333337
2018,1,1,2,26.805201769137398,939.9719623655916,89.0,0,0,0,0,0,0,0,0,751.9775698924733
2018,1,2,3,26.805201769137398,940.6408333333336,89.0,0,0,0,0,0,0,0,0,752.512666666667
2018,1,3,4,25.97717758032337,939.661478494624,79.0,0,0,0,0,0,0,0,0,751.7291827956992
2018,1,4,5,26.882554710313865,934.4152481733437,79.0,0,0,0,0,0,0,0,0,748.8487064751829
2018,1,5,6,26.805201769137398,936.0608830939785,79.0,0,0,0,0,0,0,0,0,748.8487064751829
2018,1,6,7,26.805201769137398,936.0608830939785,79.0,0,0,0,0,0,0,0,0,748.8487064751829
2018,1,0,8,26.951734959027156,939.9689203829682,89.0,0,0,0,0,0,0,0,0,751.9751363063747
2018,1,1,9,26.951734959027156,939.3733515998995,89.0,0,0,0,0,0,0,0,0,751.4986812799197
2018,1,2,10,26.441870094162287,938.366925714286,114.0,0,0,0,0,0,0,0,0,750.6935405714289
2018,1,3,11,26.60507601436821,942.583527619048,114.0,0,0,0,0,0,0,0,0,754.0668220952384
2018,1,4,12,26.21741063470283,939.9736685714287,129.0,0,0,0,0,0,0,0,0,751.978934857143
2018,1,5,13,26.21741063470283,939.9736685714287,129.0,0,0,0,0,0,0,0,0,751.978934857143
2018,1,6,14,26.21741063470283,939.9736685714287,129.0,0,0,0,0,0,0,0,0,751.978934857143
2018,1,0,15,26.21741063470283,939.9736685714287,129.0,0,0,0,0,0,0,0,0,751.978934857143
2018,1,1,16,26.21741063470283,939.7603352380955,129.0,0,0,0,0,0,0,0,0,751.8082681904765
2018,1,2,17,26.21741063470283,940.5816685714287,129.0,0,0,0,0,0,0,0,0,752.465334857143
2018,1,3,18,25.9474782022704,940.4750019047624,128.0,0,0,0,0,0,0,0,0,752.3800015238099
2018,1,4,19,26.21741063470283,940.4750019047624,128.0,0,0,0,0,0,0,0,0,752.3800015238099
2018,1,5,20,26.21741063470283,940.4856685714287,128.0,0,0,0,0,0,0,0,0,752.388534857143
2018,1,6,21,26.791952460105385,938.6291685563117,128.0,0,0,0,0,0,0,0,0,750.9033348450494
2018,1,0,22,26.993518742810934,940.4484241269844,123.0,0,0,0,0,0,0,0,0,752.3587393015875
2018,1,1,23,27.964215618000132,941.4352796674228,128.0,0,0,0,0,0,0,0,0,753.1482237339383
2018,1,2,24,27.25703225632445,946.6645752380955,88.0,0,0,0,0,0,0,0,0,757.3316601904764
2018,1,3,25,27.25703225632445,946.6645752380955,88.0,0,0,0,0,0,0,0,0,757.3316601904764
2018,1,4,26,27.020851114974484,946.0277774653173,98.0,0,0,0,0,0,0,0,0,756.8222219722538
2018,1,5,27,27.020851114974484,946.0277774653173,98.0,0,0,0,0,0,0,0,0,756.8222219722538
2018,1,6,28,27.020851114974484,946.0277774653173,98.0,0,0,0,0,0,0,0,0,756.8222219722538
2018,1,0,29,26.920199380750912,946.8283417038693,103.0,0,0,0,0,0,0,0,0,757.4626733630955
2018,1,1,30,27.031414030000892,945.2327731635293,108.0,0,0,0,0,0,0,0,0,756.1862185308235
2018,1,2,31,27.22684085926919,945.1810935769657,107.0,0,0,0,0,0,0,0,0,756.1448748615726
2018,2,3,1,27.063980328878174,945.1810935769657,108.0,0,0,0,0,0,0,0,0,756.1448748615726
2018,2,4,2,27.031414030000892,945.1810935769657,108.0,0,0,0,0,0,0,0,0,756.1448748615726
2018,2,5,3,27.031414030000892,945.1810935769657,108.0,0,0,0,0,0,0,0,0,756.1448748615726
2018,2,6,4,26.848142267381824,943.364315934066,112.0,0,0,0,0,0,0,0,0,754.6914527472528
2018,2,0,5,26.610344648334213,943.364315934066,111.0,0,0,0,0,0,0,0,0,754.6914527472528
2018,2,1,6,27.64679012162876,941.5058097055617,111.0,0,0,0,0,0,0,0,0,753.2046477644494
2018,2,2,7,27.16099941023897,944.1652902930404,106.0,0,0,0,0,0,0,0,0,755.3322322344324
2018,2,3,8,27.64679012162876,943.8019420210837,106.0,0,0,0,0,0,0,0,0,755.0415536168671
2018,2,4,9,27.64679012162876,945.2065221737552,101.0,0,0,0,0,0,0,0,0,756.1652177390042
2018,2,5,10,27.64679012162876,945.2065221737552,101.0,0,0,0,0,0,0,0,0,756.1652177390042
2018,2,6,11,27.64679012162876,945.2065221737552,101.0,0,0,0,0,0,0,0,0,756.1652177390042
2018,2,0,12,27.64679012162876,945.2065221737552,101.0,0,1,0,0,0,0,0,0,756.1652177390042
2018,2,1,13,27.64679012162876,943.8019420210837,102.0,0,1,0,0,0,0,0,0,755.0415536168671
2018,2,2,14,27.77811307340993,943.3413212481964,110.0,0,0,0,0,0,0,0,0,754.6730569985572
2018,2,3,15,28.20391348827284,943.3413212481964,109.0,0,0,0,0,0,0,0,0,754.6730569985572
2018,2,4,16,27.89916412678757,948.4133937872026,82.0,0,0,0,0,0,0,0,0,758.7307150297621
2018,2,5,17,27.89916412678757,948.4133937872026,82.0,0,0,0,0,0,0,0,0,758.7307150297621
2018,2,6,18,27.568066565811964,948.4133937872026,82.0,0,0,0,0,0,0,0,0,758.7307150297621
2018,2,0,19,27.609286078007088,948.4133937872026,77.0,0,0,0,0,0,0,0,0,759.022381696429
2018,2,1,20,27.763907231263307,948.0467002908036,77.0,0,0,0,0,0,0,0,0,758.437360232643
2018,2,2,21,27.587227521461877,949.1830907626207,86.0,0,0,0,0,0,0,0,0,759.3464726100966
2018,2,3,22,27.587227521461877,949.3459980307913,86.0,0,0,0,0,0,0,0,0,759.4767984246331
2018,2,4,23,27.587227521461877,947.7959479054781,91.0,0,0,0,0,0,0,0,0,758.2367583243825
2018,2,5,24,27.587227521461877,947.95384264232,91.0,0,0,0,0,0,0,0,0,758.363074113856
2018,2,6,25,27.587227521461877,946.4801584317938,99.0,0,0,0,0,0,0,0,0,757.1841267454352
2018,2,0,26,27.37484468765161,944.7799333688699,94.0,0,0,0,0,0,0,0,0,755.823946695096
2018,2,1,27,27.5232176292244,942.9109462081128,94.0,0,0,0,0,0,0,0,0,757.8807569664903
2018,2,2,28,27.71910571057929,944.2637858880777,83.0,0,0,0,0,0,0,0,0,755.4110287104622
2018,3,3,1,27.23738602121887,946.390501216545,82.0,0,0,0,0,0,0,0,0,757.3401381995135
2018,3,4,2,27.36300335476481,943.7321333333334,92.0,0,0,0,0,0,0,0,0,754.9857066666668
2018,3,5,3,27.327834707724534,944.8017925659473,92.0,0,0,0,0,0,0,0,0,755.8414340527579
2018,3,6,4,27.327834707724534,944.8017925659473,91.0,0,0,0,0,0,0,0,0,755.8414340527579
2018,3,0,5,27.30730932743353,945.5068285371702,90.0,0,0,0,0,0,0,0,0,756.4054628297363
2018,3,1,6,27.33290623852702,947.6329702380954,95.0,0,0,0,0,0,0,0,0,758.1063761904763
2018,3,2,7,27.38697444708981,947.71713356974,85.0,0,0,0,0,0,0,0,0,758.173706855792
2018,3,3,8,27.470248252723998,946.472255952381,85.0,0,0,0,0,0,0,0,0,757.2349476190478
2018,3,4,9,27.36300335476481,944.2830050505048,109.0,0,0,0,0,0,0,0,0,755.4264040404039
2018,3,5,10,27.21555247883584,945.5627021980368,109.0,0,0,0,0,0,0,0,0,756.4501617584295
2018,3,6,11,27.12486695433618,944.576786705079,106.0,0,0,0,0,0,0,0,0,757.0886594110116
2018,3,0,12,27.377116954336184,944.3232655783183,101.0,0,0,0,0,0,0,0,0,757.1910068288519
2018,3,1,13,27.45961662100285,944.9648931213544,108.0,0,0,0,0,0,0,0,0,755.9719144970836
2018,3,2,14,27.494574783336247,947.0229577691812,1110.0,0,0,0,0,0,0,0,0,757.618366215345
2018,3,3,15,27.45961662100285,945.4875848271446,1115.0,0,0,0,0,0,0,0,0,756.3900678617157
2018,3,4,16,27.449682961767497,946.0016576605212,1131.0,0,0,0,0,0,0,0,0,756.801326128417
2018,3,5,17,27.449682961767497,946.0016576605212,1131.0,0,0,0,0,0,0,0,0,756.801326128417
2018,3,6,18,27.684241785296898,944.0599327187964,1134.0,0,0,0,0,0,0,0,0,755.2479461750372
2018,3,0,19,27.909967602290372,942.6613313201947,1136.0,0,0,0,0,0,0,0,0,757.0632142403051
2018,3,1,20,27.494047652748872,944.3543688647034,1148.0,0,0,0,0,0,0,0,0,755.4834950917627
2018,3,2,21,27.591876621002847,942.9406364703373,1161.0,0,0,0,0,0,0,0,0,755.7384246692276
2018,3,3,22,27.054663478933506,943.9147971149852,190.0,0,0,0,0,0,0,0,0,755.1318376919882
2018,3,4,23,26.64071067601273,941.6704530098277,188.0,0,0,0,0,0,0,0,0,753.3363624078622
2018,3,5,24,26.971991007101398,939.3393719287468,188.0,0,0,0,0,0,0,0,0,753.1291552006551
2018,3,6,25,26.901065081175474,939.3393719287468,188.0,0,0,0,0,0,0,0,0,753.1291552006551
2018,3,0,26,27.03044131574337,940.2366917485666,175.0,0,0,0,0,0,0,0,0,752.1893533988533
2018,3,1,27,27.43583168572311,942.7668016255266,185.0,0,0,0,0,0,0,0,0,754.2134413004213
2018,3,2,28,27.34838085206123,940.7814937200957,195.0,0,0,0,0,0,0,0,0,754.2392300637958
2018,3,3,29,27.259432494869966,945.3409143960613,209.0,0,0,0,0,0,0,0,0,756.7293415386354
2018,3,4,30,27.541023831969785,945.9116769232942,209.0,0,0,0,0,0,0,0,0,756.7293415386354
2018,3,5,31,27.33143203265389,945.5540686315843,205.0,0,0,0,0,0,0,0,0,758.8075769831898
2018,4,6,1,27.133780180802034,945.9877829172988,201.0,0,0,0,0,0,0,0,0,759.1106072862199
2018,4,0,2,27.236202067105648,946.837591955974,211.0,0,0,0,0,0,0,0,0,758.6761737826441
2018,4,1,3,27.42251130142905,945.9540236375101,207.0,0,0,0,0,0,0,0,0,756.7632189100082
2018,4,2,4,26.916427627972183,945.8114896941763,214.0,0,0,0,0,0,0,0,0,757.7109465940507
2018,4,3,5,26.86296901230604,947.4717512944568,270.0,0,0,0,0,0,0,0,0,758.2932180290295
2018,4,4,6,26.463118718582415,944.3200952098007,318.0,0,0,0,0,0,0,0,0,755.5522644031347
2018,4,5,7,26.892155755619456,944.552088673853,317.0,0,0,0,0,0,0,0,0,755.6416709390824
2018,4,6,8,27.32254519841046,943.3659835241507,317.0,0,0,0,0,0,0,0,0,754.6927868193206
2018,4,0,9,27.10284675138361,942.2529479971499,359.0,0,0,0,0,0,0,0,0,753.80235839772
2018,4,1,10,27.156962262667484,940.5838099594322,359.0,0,0,0,0,0,0,0,0,752.4670479675458
2018,4,2,11,27.412426955657484,940.6401528764729,359.0,0,0,0,0,0,0,0,0,752.5456988210948
2018,4,3,12,27.66617323177759,940.5597652511084,2359.0,0,0,0,0,0,0,0,0,752.4478122008868
2018,4,4,13,27.48220503981331,942.4561793864567,2369.0,0,0,0,0,0,0,0,0,753.9649435091654
2018,4,5,14,28.436848211540518,939.717956898174,2352.0,0,0,0,0,0,0,0,0,751.7743655185392
2018,4,6,15,27.975567806927952,939.2770252211552,2349.0,0,0,0,0,0,0,0,0,751.7743655185392
2018,4,0,16,27.427453050250193,939.305438645716,2340.0,0,0,0,0,0,0,0,0,751.4443509165728
2018,4,1,17,27.105478688562123,940.3422453450161,2366.0,0,0,0,0,0,0,0,0,752.273796276013
2018,4,2,18,27.072844669531477,940.5683289365323,383.0,0,0,0,0,0,0,0,0,752.4586551651937
2018,4,3,19,27.05989012407693,940.1837979984084,387.0,0,0,0,0,0,0,0,0,752.1470383987267
2018,4,4,20,27.04227982371757,937.9695873712084,392.0,0,0,0,0,0,0,0,0,750.3756698969668
2018,4,5,21,27.089046488903545,937.9695873712084,391.0,0,0,0,0,0,0,0,0,750.3756698969668
2018,4,6,22,27.22412614765345,937.7715309306074,400.0,0,0,0,0,0,0,0,0,750.217224744486
2018,4,0,23,27.08515849543636,938.7292323232319,406.0,0,0,0,0,0,0,0,0,750.9833858585856
2018,4,1,24,27.217513374072986,936.8631371518647,1267.0,0,0,0,0,0,0,0,0,749.4905097214919
2018,4,2,25,27.31460813739498,936.8265090208437,1267.0,0,0,0,0,0,0,0,0,749.461207216675
2018,4,3,26,28.182073187756142,940.0356404958673,1267.0,0,0,0,0,0,0,0,0,752.0285123966938
2018,4,4,27,28.37799182124632,938.6224447868508,1273.0,0,0,0,0,0,0,0,0,751.2017072419102
2018,4,5,28,28.340731547273716,939.507184557438,1272.0,0,0,0,0,0,0,0,0,751.6057476459505
2018,4,6,29,28.256124469648146,937.567448210922,1272.0,0,0,0,0,0,0,0,0,751.4400225988694
2018,4,0,30,28.24762697970469,945.2559160237644,1296.0,0,0,0,0,0,0,0,0,756.2047328190115
2018,5,1,1,28.340731547273716,945.0276851112877,1281.0,0,0,0,0,0,0,0,0,756.0221480890302
2018,5,2,2,29.031891533407002,945.9754620009247,1299.0,0,0,0,0,0,0,0,0,758.1209889085721
2018,5,3,3,27.877397263124813,946.4130107909323,1316.0,0,0,0,0,0,0,0,0,759.1413375944946
2018,5,4,4,28.148568762783913,945.0587943699994,1322.0,0,0,0,0,0,0,0,0,760.5839724329365
2018,5,5,5,27.887728049528913,949.5696051808104,1325.0,0,0,0,0,0,0,0,0,760.8070354959998
2018,5,6,6,27.667999004419432,948.5736592348643,1324.0,0,0,0,0,1,0,0,0,760.8070354959998
2018,5,0,7,27.994971225018283,946.5801014850377,1475.0,0,0,0,0,1,0,0,0,757.2923281016105
2018,5,1,8,28.087311571863772,945.6285475671743,1471.0,0,0,0,0,1,0,0,0,756.5310849673197
2018,5,2,9,28.136998883497284,944.2694911297847,1470.0,0,0,0,0,1,0,0,0,757.3507181242862
2018,5,3,10,28.463543398265212,945.8060854860454,1474.0,0,0,0,0,1,0,0,0,759.9297972542099
2018,5,4,11,28.087630847309264,947.9887376676976,1478.0,0,0,0,0,1,0,0,0,759.7032708359126
2018,5,5,12,28.10529313897593,950.5769292680412,1479.0,0,0,0,0,1,0,0,0,760.461543414433
2018,5,6,13,28.2998348056426,951.0111762652696,1479.0,0,0,0,0,1,0,0,0,760.8089410122157
2018,5,0,14,28.212505847309266,949.405591623036,1479.0,0,0,0,0,0,0,0,0,760.8089410122157
2018,5,1,15,28.160948752633022,950.2342624113468,1481.0,0,0,0,0,0,0,0,0,760.1874099290775
2018,5,2,16,27.943036990813447,946.4433882677032,1489.0,0,0,0,0,0,0,0,0,757.1547106141626
2018,5,3,17,27.891785428162184,947.301544003868,1469.0,0,0,0,0,0,0,0,0,757.8465543520305
2018,5,4,18,28.10155693193184,946.3347322695028,1477.0,0,0,0,0,0,0,0,0,757.0677858156023
2018,5,5,19,28.10155693193184,946.7983670212758,1476.0,0,0,0,0,0,0,0,0,757.4386936170207
2018,5,6,20,28.27186862024353,946.7983670212758,1475.0,0,0,0,0,0,0,0,0,757.4386936170207
2018,5,0,21,27.91689603727094,947.3264825227956,1475.0,0,0,0,0,0,0,0,0,757.8611860182365
2018,5,1,22,28.19643566118193,946.6263770254624,1450.0,0,0,0,0,0,0,0,0,757.30110162037
2018,5,2,23,28.603623161181932,946.2634777199067,1440.0,0,0,0,0,0,0,0,0,757.0107821759254
2018,5,3,24,28.412086124144892,943.998976683937,1475.0,0,0,0,0,0,0,0,0,755.1991813471496
2018,5,4,25,28.39281203181775,946.6955183945099,1488.0,0,0,0,0,0,0,0,0,757.356414715608
2018,5,5,26,28.087254437331254,943.4201880341873,1501.0,0,0,0,0,0,0,0,0,755.1464068376062
2018,5,6,27,28.568589911412488,945.70956822107,1507.0,0,0,0,0,0,0,0,0,756.5676545768561
2018,5,0,28,28.433348299230666,943.4341459836453,1647.0,0,0,0,0,0,0,0,0,755.9660804232801
2018,5,1,29,29.02544346754755,945.4809458987776,1654.0,0,0,0,0,0,0,0,0,756.4127078534024
2018,5,2,30,28.539161416265497,945.4809458987776,1643.0,0,0,0,0,0,0,0,0,756.4127078534024
2018,5,3,31,28.176965280194626,944.3569379960308,1646.0,0,0,0,0,0,0,0,0,755.5133559523803
2018,6,4,1,27.86021439305398,946.3937311456523,1597.0,0,0,0,0,0,0,0,0,757.1426464018415
2018,6,5,2,28.07770302941761,946.4283080023018,1597.0,0,0,0,0,0,0,0,0,757.1426464018415
2018,6,6,3,28.27083851080265,947.7650700231472,1588.0,0,0,0,0,0,0,0,0,758.2180083994701
2018,6,0,4,28.00603636275095,947.83653195164,1426.0,0,0,0,0,0,0,0,0,759.5115537132981
2018,6,1,5,27.980163734339556,950.423154822334,1444.0,0,0,0,0,0,0,0,1,760.5627844331634
2018,6,2,6,28.327603164024033,950.444309644669,1452.0,0,0,0,0,0,0,0,1,760.3554477157353
2018,6,3,7,27.15110250107685,951.1361257755208,1466.0,0,0,0,0,0,0,0,1,760.9089006204167
2018,6,4,8,27.410763733129716,952.1645628507283,1621.0,0,0,0,0,0,0,0,1,761.7316502805827
2018,6,5,9,28.479178486836076,952.1645628507283,1615.0,0,0,0,0,0,0,0,1,761.7801351290677
2018,6,6,10,27.36215600955248,952.4675931537587,1615.0,0,0,0,0,0,0,0,1,761.7801351290677
2018,6,0,11,27.662692744695892,953.0945343383574,1617.0,0,0,0,0,0,0,0,1,762.475627470686
2018,6,1,12,28.014502337711214,953.757671592774,1612.0,0,0,0,0,0,0,0,1,763.0770732348102
2018,6,2,13,26.713623848384447,954.594568144498,1590.0,0,0,0,0,0,0,0,0,763.7413359605902
2018,6,3,14,26.268905072660715,952.1615854483915,1535.0,0,0,0,0,0,0,0,0,761.7292683587133
2018,6,4,15,26.13722899306221,952.1615854483915,1533.0,0,0,0,0,0,0,0,0,761.7292683587133
2018,6,5,16,26.333621149924955,955.5379606837598,1487.0,0,0,0,0,0,0,0,0,764.4303685470079
2018,6,6,17,26.367581543248953,956.5678690476183,1485.0,0,0,0,0,0,0,0,0,765.2542952380946
2018,6,0,18,26.410296782356898,955.8360804072463,1494.0,0,0,0,0,0,0,0,0,764.6688643257971
2018,6,1,19,27.378367240018296,957.8475870279134,1580.0,0,0,0,0,0,0,0,0,766.2780696223308
2018,6,2,20,26.91613390668497,957.8585229885043,1643.0,0,0,0,0,0,0,0,0,766.6809070607546
2018,6,3,21,27.273987328806587,960.1651749585394,1631.0,0,0,0,0,0,0,0,0,768.1321399668316
2018,6,4,22,27.355963789845546,958.3363441127683,1626.0,0,0,0,0,0,0,0,0,767.0670852404634
2018,6,5,23,27.64981119244295,958.4460787728017,1618.0,0,0,0,0,0,0,0,0,766.7568630182413
2018,6,6,24,27.146174828806586,957.12447429519,1623.0,0,0,0,0,0,0,0,0,765.699579436152
2018,6,0,25,26.77502724182566,955.1323582089543,1626.0,0,0,0,0,0,0,0,0,764.1058865671635
2018,6,1,26,26.80874462398055,954.8579800995017,1641.0,0,0,0,0,0,0,0,0,763.8863840796014
2018,6,2,27,26.7381669724654,955.8032537313424,1582.0,0,0,0,0,0,0,0,0,764.642602985074
2018,6,3,28,26.688879177312284,957.0559603960388,1585.0,0,0,0,0,0,0,0,0,765.6447683168311
2018,6,4,29,27.039264410057072,954.6583039215677,1578.0,0,0,0,0,0,0,0,0,763.7266431372542
2018,6,5,30,26.647421713427853,954.6583039215677,1576.0,0,0,0,0,0,0,0,0,763.7266431372542
2018,7,6,1,26.380406842310858,954.1730098039206,2002.0,0,0,0,0,0,0,0,0,763.3384078431366
2018,7,0,2,26.785852005440432,953.7760869565207,2021.0,0,0,0,0,0,0,0,0,763.0208695652166
2018,7,1,3,26.590891764119558,950.9820112179477,2057.0,0,0,0,0,0,0,0,0,760.7894551282045
2018,7,2,4,26.942148633185845,950.4475750394934,2053.0,0,0,0,0,0,0,0,0,760.3580600315947
2018,7,3,5,26.980407264863807,953.3147222222212,2001.0,0,0,0,0,0,0,0,0,762.8422539682531
2018,7,4,6,26.89818852145246,951.3888492063484,1997.0,0,0,0,0,0,0,0,0,761.1110793650787
2018,7,5,7,26.26085542567115,952.072145135565,1989.0,0,0,0,0,0,0,0,0,761.6577161084521
2018,7,6,8,26.55811325263525,951.0755634920624,1985.0,0,0,0,0,0,0,0,0,760.86045079365
2018,7,0,9,27.116989058717756,949.9791390205361,1987.0,0,0,0,0,0,0,0,0,759.9833112164289
2018,7,1,10,26.96111139914329,949.2208451816736,2426.0,0,0,0,0,0,0,0,0,759.3766761453389
2018,7,2,11,26.68925023245888,949.6839383394373,3249.0,0,0,0,0,0,0,0,0,759.7471506715499
2018,7,3,12,27.15499575217214,949.984558686926,2565.0,0,0,0,0,0,0,0,0,759.880469916048
2018,7,4,13,27.05385124056413,945.6397287467656,2592.0,0,0,0,0,0,0,0,0,756.5117829974125
2018,7,5,14,26.891156503722023,945.642098415012,2593.0,0,0,0,0,0,0,0,0,756.5136787320097
2018,7,6,15,26.70181918002061,945.6188756661968,1593.0,0,0,0,0,0,0,0,0,756.4951005329575
2018,7,0,16,27.021915290141592,944.4586906051683,1593.0,0,0,0,0,0,0,0,0,755.5669524841346
2018,7,1,17,26.821689359315386,944.478005111167,1494.0,0,0,0,0,0,0,0,0,755.5824040889337
2018,7,2,18,27.028622450077467,944.2476748405903,1782.0,0,0,0,0,0,0,0,0,755.7685102428429
2018,7,3,19,26.83380693634562,947.244934736624,1772.0,0,0,0,0,0,0,0,0,758.5801355827265
2018,7,4,20,27.02175306211367,945.197634900476,1625.0,0,0,0,0,0,0,0,0,756.1581079203809
2018,7,5,21,27.10450097131319,944.4186254665138,1615.0,0,0,0,0,0,0,0,0,755.5349003732111
2018,7,6,22,27.06704908270001,944.4186254665138,1615.0,0,0,0,0,0,0,0,0,755.5349003732111
2018,7,0,23,27.02089100934402,943.536344698914,1615.0,0,0,0,0,0,0,0,0,754.8290757591312
2018,7,1,24,27.08464609190608,942.8894994462894,1607.0,0,0,0,0,0,0,0,0,754.4143544765307
2018,7,2,25,27.090556503722024,940.8222280471814,1601.0,0,0,0,0,0,0,0,0,752.9046448230662
2018,7,3,26,27.14046176687992,940.8222280471814,1581.0,0,0,0,0,0,0,0,0,752.6577824377451
2018,7,4,27,27.455856503722025,939.2947051114016,1592.0,0,0,0,0,0,0,0,0,751.7831647007421
2018,7,5,28,27.14046176687992,938.9035583224107,911.0,0,0,0,0,0,0,0,0,751.1228466579287
2018,7,6,29,27.286225215820302,938.9035583224107,928.0,0,0,0,0,0,0,0,0,751.1228466579287
2018,7,0,30,27.188698712184358,941.6064219269097,1798.0,0,0,0,0,0,0,0,0,753.2851375415278
2018,7,1,31,27.02146176687992,940.4727452271223,3238.0,0,0,0,0,0,0,0,0,752.378196181698
2018,8,2,1,27.30619398320269,939.0235449735441,3235.0,0,0,0,0,0,0,0,0,751.2188359788353
2018,8,3,2,27.28251455163397,939.362139503688,1192.0,0,0,0,0,0,0,0,0,751.4897116029505
2018,8,4,3,27.31789428315355,938.3216972630164,1194.0,0,0,0,0,0,0,0,0,750.6573578104131
2018,8,5,4,26.981315335785126,938.2469309078764,1195.0,0,0,0,0,0,0,0,0,750.5975447263012
2018,8,6,5,27.656730395640235,936.9256339977844,1204.0,0,0,0,0,0,0,0,0,750.1311428571421
2018,8,0,6,27.596606611222548,934.7295585317453,1207.0,0,0,0,0,0,0,0,0,747.7836468253963
2018,8,1,7,27.57793473622255,934.7295585317453,1210.0,0,0,0,0,0,0,0,0,747.7836468253963
2018,8,2,8,27.54165008402788,935.880094339622,2606.0,0,0,0,0,0,0,0,0,748.7040754716977
2018,8,3,9,27.53010174606855,936.3022141203694,5314.0,0,0,0,0,0,0,0,0,749.0417712962956
2018,8,4,10,27.894453261220054,934.1817343402404,5298.0,0,0,0,0,0,0,0,0,747.3453874721923
2018,8,5,11,27.67429206194119,934.3175332750577,5276.0,0,0,0,0,0,0,0,0,747.4540266200462
2018,8,6,12,27.738667159980405,934.0882037296028,5266.0,0,0,0,0,0,0,0,0,747.3299569230762
2018,8,0,13,27.86398650638564,934.3175332750577,5247.0,0,0,0,0,0,0,0,0,747.4540266200462
2018,8,1,14,28.122738471690017,939.0139981440776,5283.0,0,0,0,0,0,0,0,0,751.3889762930398
2018,8,2,15,28.444701434652988,939.2362203662998,5037.0,0,0,0,0,0,0,0,0,751.3889762930398
2018,8,3,16,28.662745783197952,939.532431780608,5501.0,0,0,0,0,0,0,0,0,751.6259454244864
2018,8,4,17,28.21889720184875,939.2102488897526,5519.0,0,0,0,0,0,0,0,0,751.8336327401207
2018,8,5,18,28.001305549187695,939.7920409251508,5506.0,0,0,0,0,0,0,0,0,751.8336327401207
2018,8,6,19,28.166668630420176,939.6858462348854,5506.0,0,0,0,0,0,0,0,0,751.8336327401207
2018,8,0,20,27.823053108110074,942.0905169641817,5546.0,0,0,0,0,0,0,0,0,753.6724135713454
2018,8,1,21,27.363173931579762,940.1058374958368,5512.0,0,0,0,0,0,0,0,0,752.1101245421238
2018,8,2,22,27.70398089242909,942.479651373486,11103.0,0,0,0,0,0,0,0,0,753.8076136952842
2018,8,3,23,27.71712001252399,947.1480326643043,11087.0,0,0,0,0,0,0,0,0,754.8012598568093
2018,8,4,24,27.59201195828721,950.3484616220908,10568.0,0,0,0,0,0,0,0,0,756.0918389616467
2018,8,5,25,27.91009212487287,949.8906389437487,10560.0,0,0,0,0,0,0,0,0,755.7766976924759
2018,8,6,26,28.046390161082886,951.0143848291997,10560.0,0,0,0,0,0,0,0,0,755.7766976924759
2018,8,0,27,27.941530534893342,950.1575745769376,10602.0,0,0,0,0,0,0,0,0,757.170589477189
2018,8,1,28,28.120580128436714,954.059712981082,10672.0,0,0,0,0,0,0,0,0,756.383934634619
2018,8,2,29,28.181603263227075,956.6670663650067,10673.0,0,0,0,0,0,0,0,0,758.3204154674881
2018,8,3,30,27.910280082294868,971.1160623937068,10680.0,0,0,0,0,0,0,0,0,755.8798979984294
2018,8,4,31,28.19679045715796,971.7799707695567,10684.0,0,0,0,0,0,0,0,0,756.4554900052324
2018,9,5,1,28.46116274950669,971.1901126414682,16178.0,0,0,0,0,0,0,0,0,756.0396156704276
2018,9,6,2,28.04805810992432,972.9318166773427,16166.0,0,0,0,0,0,0,0,0,756.3925180505588
2018,9,0,3,28.04991622352254,971.9849194058147,16162.0,0,0,0,0,0,0,0,0,756.5903110376343
2018,9,1,4,27.8842954365527,969.0188355457216,3603.0,0,0,0,0,0,0,0,0,754.6883262083041
2018,9,2,5,28.14961282314139,966.3392781245924,3669.0,0,0,0,0,0,0,0,0,755.0872958255602
2018,9,3,6,28.378703319567524,962.2515941276104,3612.0,0,0,0,0,0,0,0,0,752.6422119084771
2018,9,4,7,28.299129160546123,963.1561593450017,3606.0,0,0,0,1,0,0,0,0,753.2648206041293
2018,9,5,8,28.287589934481662,963.1561593450017,3601.0,0,0,0,1,0,0,0,0,753.2648206041293
2018,9,6,9,28.16449063204698,962.6658729409108,3598.0,0,0,0,1,0,0,0,0,752.9473105582241
2018,9,0,10,28.715307417896838,971.1561071710884,3194.0,0,0,0,0,0,0,0,0,754.608184965758
2018,9,1,11,28.44570848324225,969.3192405862803,3580.0,0,0,0,0,0,0,0,0,755.3562694518116
2018,9,2,12,28.432433779967536,969.5235981396463,3543.0,0,0,0,0,0,0,0,0,755.7380775862061
2018,9,3,13,28.422663151211392,975.1255568043057,3565.0,0,0,0,0,0,0,0,0,758.8648483453859
2018,9,4,14,28.452546335735196,968.8575106837596,3564.0,0,0,0,0,0,0,0,0,759.3484136689513
2018,9,5,15,28.702086778151607,968.8461170212756,3549.0,0,0,0,0,0,0,0,0,757.1292289299345
2018,9,6,16,28.667525006835408,964.5766702127652,3548.0,0,0,0,0,0,0,0,0,757.702845951211
2018,9,0,17,28.525079358462925,963.4586687853098,3164.0,0,0,0,0,0,0,0,0,754.6950316322087
2018,9,1,18,28.517310966525983,964.1718684000788,3159.0,0,0,0,0,0,0,0,0,754.667042265962
2018,9,2,19,28.299391771999307,962.8862152199645,1538.0,0,0,0,0,0,0,0,0,752.9718857068851
2018,9,3,20,28.199261641869178,962.2531557794048,1536.0,0,0,0,0,0,0,0,0,752.3201913479106
2018,9,4,21,28.399774807180748,962.3474851265283,1541.0,0,0,0,0,0,0,0,0,753.5845873593066
2018,9,5,22,28.426982412903328,962.3368227333659,1547.0,0,0,0,0,0,0,0,0,753.5675275302467
2018,9,6,23,28.421056987477908,965.9895904558397,1538.0,0,0,0,0,0,0,0,0,754.9995349376545
2018,9,0,24,28.207558350342364,956.8234257871746,1550.0,0,0,0,0,0,0,0,0,753.3015220705214
2018,9,1,25,28.364846075954308,955.8984212843884,2136.0,0,0,0,0,0,0,0,0,752.7907514414655
2018,9,2,26,28.05260801592268,956.9787479736563,2136.0,0,0,0,0,0,0,0,0,753.494669171962
2018,9,3,27,28.25960703060157,959.539642094016,2124.0,0,0,0,0,0,0,0,0,755.4526990971984
2018,9,4,28,28.49646022413825,961.1368937768228,1958.0,0,0,0,0,0,0,0,0,756.193454450601
2018,9,5,29,28.285128316107038,961.8035604434897,2117.0,0,0,0,0,0,0,0,0,756.1992371476871
2018,9,6,30,28.46685558883431,961.2599266809717,1956.0,0,0,0,0,0,0,0,0,756.061898091893
2018,10,0,1,28.598521492298808,962.6420637464377,1949.0,0,0,0,0,0,0,0,0,757.6421122026114
2018,10,1,2,28.36266308459071,978.344312027385,2101.0,0,0,0,0,0,0,0,0,756.7008249744526
2018,10,2,3,28.920872612585093,981.9251787157277,1914.0,0,0,0,0,0,0,0,0,760.7124817151093
2018,10,3,4,28.251432695381414,973.8335516983938,2134.0,0,0,0,0,0,0,0,0,759.3297920972635
2018,10,4,5,28.84832643157618,973.6178941908702,7878.0,0,0,0,0,0,0,0,0,760.3028778738299
2018,10,5,6,28.52227482425043,973.6250117565686,7876.0,0,0,0,0,0,0,0,0,758.5284382350699
2018,10,6,7,28.5346337773746,973.6250117565686,7873.0,0,0,0,0,0,0,0,0,758.5284382350699
2018,10,0,8,28.290084522696873,976.3990739191063,7624.0,0,0,0,0,0,0,0,0,762.0774024442497
2018,10,1,9,28.081255596720357,983.8926584022023,7842.0,0,0,0,0,0,0,0,0,761.4444157660512
2018,10,2,10,28.30719681186531,982.5825466753287,7809.0,0,0,0,0,0,0,0,0,761.5013236990235
2018,10,3,11,28.24618942966659,997.3677401129933,7463.0,0,0,0,0,0,0,0,0,755.5672006994879
2018,10,4,12,28.725593466631736,998.199599811675,7662.0,0,0,0,1,0,0,0,0,755.7584856066715
2018,10,5,13,27.87098825051362,996.3664066193843,7631.0,0,0,0,1,0,0,0,0,756.0161812901041
2018,10,6,14,28.120159245759197,993.1558278959801,7644.0,0,0,0,1,0,0,0,0,754.1272183721709
2018,10,0,15,28.170033961360048,993.4830151946808,7997.0,0,0,0,0,0,0,0,0,754.2336423823083
2018,10,1,16,27.688266799317308,986.9892719387964,7815.0,0,0,0,0,0,0,0,0,757.6427759938134
2018,10,2,17,28.432613475290577,973.8536558134523,7806.0,0,0,0,0,0,0,0,0,759.0822967916238
2018,10,3,18,27.932388015328822,973.9986132662824,7634.0,0,0,0,0,0,0,0,0,757.7627520614467
2018,10,4,19,28.01461955595573,974.0178343874696,7584.0,0,0,0,0,0,0,0,0,757.3819128681549
2018,10,5,20,27.60919524815278,973.7092367668083,7631.0,0,0,0,0,0,0,0,0,757.2829996954906
2018,10,6,21,27.61450570737296,974.4193753561243,9500.0,0,0,0,0,0,0,0,0,757.9366449959375
2018,10,0,22,27.719666204482923,975.38166645718,9502.0,0,0,0,0,0,0,0,0,758.7948077354737
2018,10,1,23,27.59821691295486,977.354674535049,3663.0,0,0,0,0,0,0,0,0,758.9270023843578
2018,10,2,24,27.61476581387025,971.0293195652163,3590.0,0,0,0,0,0,0,0,0,756.811890241545
2018,10,3,25,28.444523429291205,980.4412335299334,3601.0,0,0,0,0,0,0,0,0,757.2393864786346
2018,10,4,26,27.59402643806832,987.3617298136636,1759.0,0,0,0,0,0,0,0,0,757.4506512077287
2018,10,5,27,27.79465748294564,1012.5381117002833,1964.0,0,0,0,0,0,0,0,0,763.3670349718202
2018,10,6,28,27.879885848330265,1012.7116706522484,2097.0,0,0,0,0,0,0,0,0,763.4370101145814
2018,10,0,29,28.225492841435962,1013.1762045379244,3047.0,0,0,0,0,0,0,0,0,767.0492669965505
2018,10,1,30,27.946085486322488,1009.7909159356717,3184.0,0,0,0,0,0,0,0,0,764.6410859751709
2018,10,2,31,28.14449362974852,995.4914147000972,3086.0,0,0,0,0,0,0,0,0,762.4314916420835
2018,11,3,1,28.051101187468532,985.3760508849547,2775.0,0,0,0,0,0,0,0,0,761.5755559488683
2018,11,4,2,28.200475303451558,985.2324555555547,2856.0,0,0,0,1,0,0,0,0,759.1232908641967
2018,11,5,3,28.37732047787712,982.476883259911,2853.0,0,0,0,1,0,0,0,0,757.5838786098866
2018,11,6,4,28.05245680754688,982.8910197368413,9157.0,0,0,0,1,0,0,0,0,759.064300194931
2018,11,0,5,27.791089410889924,980.2083625403448,9231.0,0,0,0,0,0,0,0,0,757.0248753032499
2018,11,1,6,27.813943574248626,981.589186695278,9220.0,0,0,0,0,0,0,0,0,757.8252837386734
2018,11,2,7,27.73469031866857,982.8075868644058,9287.0,0,0,0,0,0,0,0,0,759.4258097928428
2018,11,3,8,28.653795167931666,981.5559999999992,9305.0,0,0,0,0,0,0,0,0,758.5930506741042
2018,11,4,9,27.58944644722045,983.5245585774053,9319.0,0,0,0,0,0,0,0,0,760.1795443979536
2018,11,5,10,27.849938401205,982.424247916666,9526.0,0,0,0,0,0,0,0,0,759.3786879629622
2018,11,6,11,28.011488093819636,983.7920239583324,9383.0,0,0,0,0,0,0,0,0,759.6262383300291
2018,11,0,12,28.779250002447792,982.580633399122,9393.0,0,0,0,0,0,0,0,0,759.8803836035304
2018,11,1,13,28.220509573687984,982.5835937896816,9477.0,0,0,0,0,0,0,0,0,759.7188934359408
2018,11,2,14,28.27153860397194,982.5430471645913,4144.0,0,0,0,0,0,0,0,0,759.3714766222757
2018,11,3,15,29.002815946366443,978.862765569272,3908.0,0,0,0,0,0,0,0,0,763.1259651660635
2018,11,4,16,28.49161954546092,979.5218389344252,3920.0,0,0,0,0,0,0,0,0,760.8363623275347
2018,11,5,17,28.907738351697553,980.0804214100177,4106.0,0,0,0,0,0,0,0,0,760.5807538192416
2018,11,6,18,28.58053966667445,980.6104089624457,4163.0,0,0,0,0,0,0,0,0,760.4658293457215
2018,11,0,19,28.450514402804192,978.2224305167056,4207.0,0,0,0,0,0,0,0,0,758.9439349109045
2018,11,1,20,28.103847478066463,980.8558176229496,3929.0,1,0,0,0,0,0,0,0,761.2658530110398
2018,11,2,21,28.25512843422521,974.0664118852447,3992.0,1,0,0,0,0,0,0,0,760.4818786894522
2018,11,3,22,28.15854983794189,974.8742169090006,3300.0,1,0,0,0,0,0,0,0,759.9422980188156
2018,11,4,23,27.416371128954857,976.8348986427322,3369.0,1,0,0,0,0,0,0,0,757.0267513192857
2018,11,5,24,28.39736767956256,975.8732874579113,2411.0,1,0,0,0,0,0,0,0,757.335423125992
2018,11,6,25,28.27642907393868,975.8732874579113,2418.0,1,0,0,0,0,0,0,0,757.3354449839156
2018,11,0,26,27.847242111540933,971.1640873902952,2410.0,1,0,0,0,0,0,0,0,755.4039029826746
2018,11,1,27,28.41376344851274,971.3449490002049,2359.0,0,0,0,0,0,0,0,0,754.9003391714427
2018,11,2,28,28.317329382578677,970.3007900462338,2349.0,0,0,0,0,0,0,0,0,754.1426623354942
2018,11,3,29,28.593205154812413,968.9487564967257,2311.0,0,0,0,0,0,0,0,0,754.4128722153459
2018,11,4,30,28.12101074793499,965.1239430707973,2235.0,0,0,0,0,0,0,0,0,754.6029324408739
2018,12,5,1,28.500823643249227,963.7464206318472,7558.0,0,0,0,0,0,0,0,0,755.7741207111104
2018,12,6,2,28.333315436178516,963.7621833968242,7553.0,0,0,0,0,0,0,0,0,756.0624407111104
2018,12,0,3,27.577690138921383,961.5796793877215,7787.0,0,0,0,0,0,0,0,0,755.4360230956132
2018,12,1,4,28.063996685927094,964.2051004888167,2464.0,0,0,0,0,0,0,0,0,756.5799625350487
2018,12,2,5,27.50438108572998,963.4756025735452,2495.0,0,0,0,0,0,0,0,0,755.4410688128455
2018,12,3,6,27.817857435034718,970.574354144312,2454.0,0,0,0,0,0,0,0,0,756.6460695765095
2018,12,4,7,27.869371318569172,970.8952727344824,2378.0,0,0,0,0,0,0,0,0,758.2366469218558
2018,12,5,8,27.81500169666916,971.1082065866228,2383.0,0,0,0,0,0,0,0,0,758.2366469218558
2018,12,6,9,27.82701588715311,970.91365405744,2383.0,0,0,0,0,0,0,0,0,758.2366469218558
2018,12,0,10,27.97594000738772,985.1065672374344,3382.0,0,0,0,0,0,0,0,0,758.4545457545405
2018,12,1,11,27.673641620290933,983.1723463563013,3382.0,0,0,0,0,0,0,0,0,758.8141410852797
2018,12,2,12,27.92021939118688,978.5989869059033,1451.0,0,0,0,0,0,0,0,0,758.3745134336611
2018,12,3,13,27.67452440641593,981.7824699165652,1451.0,0,0,0,0,0,0,0,0,758.2603687120327
2018,12,4,14,27.784929357041275,981.9137768817227,1417.0,0,0,0,0,0,0,0,0,758.6743698804821
2018,12,5,15,27.817905733194166,981.5096605657784,1417.0,0,0,0,0,0,0,0,0,758.3929231231366
2018,12,6,16,27.817905733194166,981.5096605657784,1417.0,0,0,0,0,0,0,0,0,758.3929231231366
2018,12,0,17,27.70238642827385,984.8360625261856,1357.0,0,0,0,0,0,0,0,0,760.4043069282858
2018,12,1,18,27.50485953541175,981.0500057526905,1395.0,0,0,0,0,0,0,0,0,759.3732866114253
2018,12,2,19,27.97289099930641,982.8863419431668,1408.0,0,0,0,0,0,0,0,0,760.6041376590443
2018,12,3,20,27.712239307418013,968.7193782592843,3444.0,0,0,0,0,0,0,0,0,759.9908332211722
2018,12,4,21,27.52059564652286,970.0518405955924,3458.0,0,0,0,0,0,0,0,0,759.7184809235417
2018,12,5,22,27.721853211411013,969.6173710793637,3409.0,0,0,0,0,0,0,0,0,760.7226420258974
2018,12,6,23,27.703042829968357,982.5292859356211,3472.0,0,0,0,0,0,0,0,0,761.5595391290454
2018,12,0,24,27.703042829968357,981.5492062543464,3509.0,0,0,1,0,0,0,0,0,761.1906807214062
2018,12,1,25,27.81081544028407,979.1224046056727,3482.0,0,0,1,0,0,0,0,0,761.1629745186598
2018,12,2,26,27.81181700968535,981.4898386910384,3462.0,0,0,0,0,0,0,0,0,762.3597736945889
2018,12,3,27,27.81994752451796,981.0726019646139,2973.0,0,0,0,0,0,0,0,0,762.9151260667238
2018,12,4,28,27.594179295351296,982.9857666857556,2989.0,0,0,0,0,0,0,0,0,764.5994593382947
2018,12,5,29,27.918741665118777,989.3294151709058,3001.0,0,0,0,0,0,0,0,0,767.2388763502308
2018,12,6,30,27.919301598439727,990.4394525326953,3015.0,0,0,0,0,0,0,0,0,768.0553798278111
2018,12,0,31,27.924069046071157,989.1393109668097,3025.0,0,0,0,0,0,1,0,0,767.3441411723652
2019,1,1,1,27.924069046071157,989.603461164438,3025.0,0,0,0,0,0,1,0,0,767.3441411723652
2019,1,2,2,27.928988265106398,987.3982401251732,3159.0,0,0,0,0,0,0,0,0,767.0498479261616
2019,1,3,3,27.951677070762514,987.0561917452318,3153.0,0,0,0,0,0,0,0,0,766.6980514257946
2019,1,4,4,27.95885961044505,986.9193115537447,3148.0,0,0,0,0,0,0,0,0,766.1165357568493
2019,1,5,5,27.94713048732861,987.8233725559508,3147.0,0,0,0,0,0,0,0,0,766.7464821144464
2019,1,6,6,27.982030565759985,987.8233725559508,3144.0,0,0,0,0,0,0,0,0,766.7464821144464
2019,1,0,7,28.09741703402906,988.8458272305196,3178.0,0,0,0,0,0,0,0,0,768.3227493152718
2019,1,1,8,27.80251506720869,990.174851103647,3086.0,0,0,0,0,0,0,0,0,768.6688677822359
2019,1,2,9,28.369049813958693,990.8837740712128,3011.0,0,0,0,0,0,0,0,0,766.3596759628148
2019,1,3,10,28.565004495662517,993.5536040386916,3094.0,0,0,0,0,0,0,0,0,767.1210557751422
2019,1,4,11,28.337608759914016,995.222844871772,3113.0,0,0,0,0,0,0,0,0,766.5284214298326
2019,1,5,12,28.337608759914016,993.5626132115402,3136.0,0,0,0,0,0,0,0,0,765.9098532818525
2019,1,6,13,28.41621974194983,989.9409915899188,3123.0,0,0,0,0,0,0,0,0,765.9098532818525
2019,1,0,14,28.51267084460026,988.8462005246761,2979.0,0,0,0,0,0,0,0,0,766.9891409110253
2019,1,1,15,28.93558309388898,989.6918939938453,3070.0,0,0,0,0,0,0,0,0,765.2001407280345
2019,1,2,16,29.622197579521803,986.1956419886684,3570.0,0,0,0,0,0,0,0,0,761.4322683127566
2019,1,3,17,30.008200927230593,977.520751647248,2999.0,0,0,0,0,0,0,0,0,759.4996748366003
2019,1,4,18,29.980932231716018,986.3732496366147,2965.0,0,0,0,0,0,0,0,0,764.0937953255171
2019,1,5,19,30.08200184415461,985.0730943854107,3065.0,0,0,0,0,0,0,0,0,762.8128694949486
2019,1,6,20,30.13997237166452,980.8335360724203,3081.0,0,0,0,0,0,0,0,0,762.5887971014482
2019,1,0,21,30.024738757479877,981.635201851504,3012.0,0,0,0,0,0,0,0,0,762.4686858513178
2019,1,1,22,30.061661180038108,988.9973128031199,2990.0,0,0,0,0,0,0,0,0,761.789748094664
2019,1,2,23,30.402331603607326,991.1006414263505,2996.0,0,0,0,0,0,0,0,0,762.0212935171702
2019,1,3,24,29.784795349923968,991.5844102521401,2371.0,0,0,0,0,0,0,0,0,762.0353227661216
2019,1,4,25,29.93801566196452,990.6676181276424,2402.0,0,0,0,0,0,0,0,0,761.886445213378
2019,1,5,26,30.268317962840705,988.2278672413781,2402.0,0,0,0,0,0,0,0,0,761.0241382847024
2019,1,6,27,30.13248141569429,987.7539776632292,2489.0,0,0,0,0,0,0,0,0,760.7912489206083
2019,1,0,28,30.422936554757662,986.6949493698384,2464.0,0,0,0,0,0,0,0,0,761.64290363196
2019,1,1,29,30.477764531329544,986.6933881456697,2480.0,0,0,0,0,0,0,0,0,761.766504557675
2019,1,2,30,30.617349925786648,993.9814089253184,2519.0,0,0,0,0,0,0,0,0,764.1470353369755
2019,1,3,31,30.44611575151834,1003.9590738977071,2561.0,0,0,0,0,0,0,0,0,767.4037565129747
2019,2,4,1,30.637768753180215,1003.409024239207,2532.0,0,0,0,0,0,0,0,0,765.4097828328775
2019,2,5,2,30.642982260306862,996.66222285011,2592.0,0,0,0,0,0,0,0,0,764.9352664255568
2019,2,6,3,30.529198950975452,990.6879144620807,1594.0,0,0,0,0,0,0,0,0,763.3009989417982
2019,2,0,4,30.408713006012526,988.498464726631,1580.0,0,0,0,0,0,0,0,0,764.2660783068775
2019,2,1,5,30.090982366488856,985.8744003624288,1694.0,0,0,0,0,0,0,0,0,763.8049116883332
2019,2,2,6,31.2809689773608,980.16592946424,1692.0,0,0,0,0,0,0,0,0,761.9840464151396
2019,2,3,7,30.64245553300873,982.2276202461474,1730.0,0,0,0,0,0,0,0,0,763.0866136937759
2019,2,4,8,30.626280378304948,979.2857914529907,1702.0,0,0,0,0,0,0,0,0,763.1704468174958
2019,2,5,9,30.63444978993121,979.7121233810492,1746.0,0,0,0,0,0,0,0,0,763.8934086370739
2019,2,6,10,30.65837449452372,981.2481152010903,1746.0,0,0,0,0,0,0,0,0,764.925065078792
2019,2,0,11,30.46164018987063,984.3242150866458,1735.0,0,0,0,0,0,0,0,0,765.6406864796453
2019,2,1,12,30.370766441189197,982.4194457164776,1678.0,0,0,0,0,0,0,0,0,764.7469685567144
2019,2,2,13,30.373940023746826,988.9819690288156,1672.0,0,0,0,0,0,0,0,0,765.9673596317075
2019,2,3,14,30.44130916955994,988.34735002405,1647.0,0,0,0,0,0,0,0,0,765.6887841077437
2019,2,4,15,30.271435353974447,986.8635296512241,1637.0,0,0,0,0,0,0,0,0,767.0423769603648
2019,2,5,16,30.04996471047279,1001.6502734175343,1618.0,0,0,0,0,0,0,0,0,772.3570355613809
2019,2,6,17,29.954945927685824,1006.1131925740306,1583.0,0,0,0,0,0,0,0,0,773.6223850862877
2019,2,0,18,29.804995676291107,1010.7083859266381,1543.0,0,0,0,0,0,0,0,0,771.7965335776923
2019,2,1,19,29.949748616241195,1010.9912319778798,1516.0,0,0,0,0,0,0,0,0,767.3536706366806
2019,2,2,20,30.236276487790736,1014.1069921414315,1485.0,0,0,0,0,0,0,0,0,771.084013131313
2019,2,3,21,30.20364866756393,1018.2013767693032,1474.0,0,0,0,0,0,0,0,0,772.7534400536538
2019,2,4,22,30.535271195698737,1014.1602559901303,1490.0,0,0,0,0,0,0,0,0,772.7287555633598
2019,2,5,23,30.36820677294257,1011.163602525016,1477.0,0,0,0,0,0,0,0,0,773.3299905386507
2019,2,6,24,30.340946063546824,1012.4912193070356,1476.0,0,0,0,0,0,0,0,0,773.4297972543386
2019,2,0,25,30.721239747077888,1012.2970983225973,1471.0,0,0,0,0,0,0,0,0,774.0127866681901
2019,2,1,26,30.49425276314529,1008.3006906294008,1469.0,0,0,0,0,0,0,0,0,772.5979423700011
2019,2,2,27,30.16473688314917,1012.0522981353308,1475.0,0,0,0,0,0,0,0,0,772.7941628882095
2019,2,3,28,30.42485114436425,1014.6640878005086,1469.0,0,0,0,0,0,0,0,0,775.5964463935383
2019,3,4,1,30.931890618801642,1014.9759140954241,1491.0,0,0,0,0,0,0,0,0,775.5912713600894
2019,3,5,2,31.161164413911532,1019.8966147617256,1568.0,0,0,0,0,0,0,0,0,774.787779392218
2019,3,6,3,30.705377329918203,1025.3501133819977,1635.0,0,0,0,0,0,0,0,0,773.9313326179971
2019,3,0,4,31.073318504580808,1031.7496026834744,1634.0,0,1,0,0,0,0,0,0,776.0063907700093
2019,3,1,5,31.16100112399672,1029.2591557011933,1631.0,0,1,0,0,0,0,0,0,776.0063907700093
2019,3,2,6,31.03863873448635,1028.288485061065,1600.0,0,0,0,0,0,0,0,0,775.8860249940192
2019,3,3,7,31.116407853530372,1030.8126582001044,1533.0,0,0,0,0,0,0,0,0,776.908828952167
2019,3,4,8,30.990777914861532,1036.828909227516,1532.0,0,0,0,0,0,0,0,0,778.3158401842999
2019,3,5,9,31.217831576966013,1037.5732067179497,1694.0,0,0,0,0,0,0,0,0,778.5007117394747
2019,3,6,10,31.386657615883788,1038.314815413602,1686.0,0,0,0,0,0,0,0,0,779.4138442519152
2019,3,0,11,31.297482317373852,1037.643628546624,1699.0,0,0,0,0,0,0,0,0,778.0806205465693
2019,3,1,12,31.056798222423907,1035.9756016899769,1567.0,0,0,0,0,0,0,0,0,777.2391981863411
2019,3,2,13,30.93618214230898,1034.2817159756914,1573.0,0,0,0,0,0,0,0,0,776.6810806224499
2019,3,3,14,31.150596915224032,1034.6885665570312,1602.0,0,0,0,0,0,0,0,0,777.1872894395059
2019,3,4,15,30.879562069984697,1031.6607796662613,1585.0,0,0,0,0,0,0,0,0,777.3257123487376
2019,3,5,16,30.980059612795834,1032.5770239809217,1596.0,0,0,0,0,0,0,0,0,777.0990700172285
2019,3,6,17,30.97611095963377,1032.5770239809217,1601.0,0,0,0,0,0,0,0,0,776.7815730984612
2019,3,0,18,31.00268793084821,1033.6282983928531,1623.0,0,0,0,0,0,0,0,0,776.9403951737777
2019,3,1,19,31.00494248435757,1032.6765664645818,1607.0,0,0,0,0,0,0,0,0,777.1829392449197
2019,3,2,20,31.343865155926768,1037.8488707579438,1594.0,0,0,0,0,0,0,0,0,779.4758592540602
2019,3,3,21,31.29914344903595,1037.1550311272067,1595.0,0,0,0,0,0,0,0,0,778.6784377713145
2019,3,4,22,31.05502067564668,1034.7565224276202,1555.0,0,0,0,0,0,0,0,0,777.1034199694308
2019,3,5,23,31.180204819608363,1034.7565224276202,1556.0,0,0,0,0,0,0,0,0,777.1137608785216
2019,3,6,24,31.286188602724987,1034.7565224276202,561.0,0,0,0,0,0,0,0,0,777.4149294391277
2019,3,0,25,31.048083689821702,1032.1064491419163,577.0,0,0,0,0,0,0,0,0,778.0508429796859
2019,3,1,26,31.22597511103364,1032.5525909530418,579.0,0,0,0,0,0,0,0,0,775.9784132923926
2019,3,2,27,31.1560550592595,1031.5649844966597,545.0,0,0,0,0,0,0,0,0,776.0733718291632
2019,3,3,28,30.970224902601046,1030.390729336636,592.0,0,0,0,0,0,0,0,0,774.8908268576448
2019,3,4,29,30.85886885857689,1032.6625769865614,570.0,0,0,0,0,0,0,0,0,775.6224311978407
2019,3,5,30,31.11951272251023,1032.6625769865614,583.0,0,0,0,0,0,0,0,0,775.8928870371594
2019,3,6,31,31.22251353864291,1032.6625769865614,592.0,0,0,0,0,0,0,0,0,775.0965850419481
2019,4,0,1,30.73898870636005,1032.5548957136184,591.0,0,0,0,0,0,0,0,0,775.7982658847143
2019,4,1,2,30.976531941351066,1030.6349041980964,1129.0,0,0,0,0,0,0,0,0,774.9030636662419
2019,4,2,3,31.35342290580205,1031.5005192584424,1141.0,0,0,0,0,0,0,0,0,775.9273206950994
2019,4,3,4,31.38861686802327,1034.6782988767934,1181.0,0,0,0,0,0,0,0,0,776.2286316325316
2019,4,4,5,30.95225524581513,1040.7833779806672,1146.0,0,0,0,0,0,0,0,0,774.7180860739471
2019,4,5,6,31.19575377765245,1043.8622510437103,1202.0,0,0,0,0,0,0,0,0,774.163252856657
2019,4,6,7,31.12767271294008,1045.7010462136557,1051.0,0,0,0,0,0,0,0,0,772.8652392451306
2019,4,0,8,31.302416574326443,1046.6470570401827,1078.0,0,0,0,0,0,0,0,0,771.410079220208
2019,4,1,9,31.131742951168103,1044.6341943238308,1051.0,0,0,0,0,0,0,0,0,770.9626242919609
2019,4,2,10,31.17826411696927,1045.5798379656546,1085.0,0,0,0,0,0,0,0,0,771.127246197787
2019,4,3,11,31.110689945230718,1043.9550794655622,1076.0,0,0,0,0,0,0,0,0,769.3469522770134
2019,4,4,12,30.903401089852252,1043.305501185366,1089.0,0,0,0,0,0,0,0,0,769.0455593337041
2019,4,5,13,31.033990560963627,1043.7439785123777,1207.0,0,0,0,0,0,0,0,0,768.7468120087108
2019,4,6,14,31.36152405237368,1043.6116939950573,1197.0,0,0,0,0,0,0,0,0,769.6439700901411
2019,4,0,15,31.025137381759162,1041.8817138741645,1073.0,0,0,0,0,0,0,0,0,768.0122229949181
2019,4,1,16,30.84792163977528,1032.4863221771443,1052.0,0,0,0,0,0,0,0,0,763.9029897892356
2019,4,2,17,31.125041064301204,1032.2317305181275,1051.0,0,0,0,0,0,0,0,0,764.6633836509837
2019,4,3,18,30.888447330689637,1029.6937088379111,1062.0,0,0,0,0,0,0,0,0,764.7307403851862
2019,4,4,19,31.154869624077424,1030.872814528968,1061.0,0,0,0,0,0,0,0,0,763.9357130502807
2019,4,5,20,31.49157147153932,1029.9359417423618,1057.0,0,0,0,0,0,0,0,0,763.6752122705259
2019,4,6,21,31.318896133994,1031.7210530113523,1072.0,0,0,0,0,0,0,0,0,764.8127484613017
2019,4,0,22,30.94094246809876,1033.8948741495642,479.0,0,0,0,0,0,0,0,0,764.9914992069271
2019,4,1,23,30.952831184123895,1035.3012944147058,477.0,0,0,0,0,0,0,0,0,765.7718988046827
2019,4,2,24,30.64759961325358,1032.2523330505521,485.0,0,0,0,0,0,0,0,0,765.3610243547466
2019,4,3,25,30.26256102349959,1022.5441674234658,349.0,0,0,0,0,0,0,0,0,761.9532604071313
2019,4,4,26,30.226219595029736,1020.2996646924838,388.0,0,0,0,0,0,0,0,0,760.5195339349892
2019,4,5,27,30.375129261898948,1020.2996646924838,387.0,0,0,0,0,0,0,0,0,760.8349640634437
2019,4,6,28,30.131662942596137,1018.9834063472673,377.0,0,0,0,0,0,0,0,0,762.7806484755401
2019,4,0,29,30.36983737901976,1018.8178721253847,376.0,0,0,0,0,0,0,0,0,761.8186277344832
2019,4,1,30,30.358645676748644,1016.2846291154317,374.0,0,0,0,0,0,0,0,0,762.1071202197443
2019,5,2,1,30.087257909205984,1014.7351826757672,411.0,0,0,0,0,0,0,0,0,762.0454198189594
2019,5,3,2,30.06186926762343,1014.8206069815327,405.0,0,0,0,0,0,0,0,0,761.7788555455883
2019,5,4,3,30.150478994506244,1015.2861216256648,421.0,0,0,0,0,0,0,0,0,762.6550447500948
2019,5,5,4,30.063038203638357,1015.1388441781006,422.0,0,0,0,0,0,0,0,0,762.4987059967071
2019,5,6,5,30.022447685362497,1015.2922497788232,421.0,0,0,0,0,1,0,0,0,762.3200658624964
2019,5,0,6,30.178739811025487,1013.8375630773132,461.0,0,0,0,0,1,0,0,0,763.1581573236836
2019,5,1,7,30.05780003163557,1014.3605579226293,496.0,0,0,0,0,1,0,0,0,764.7190552768627
2019,5,2,8,30.507981553935558,1016.4839556076806,506.0,0,0,0,0,1,0,0,0,764.9332553825169
2019,5,3,9,30.44177242036796,1015.3595909492692,482.0,0,0,0,0,1,0,0,0,763.85206314448
2019,5,4,10,30.272964459173785,1016.4010576159358,2003.0,0,0,0,0,1,0,0,0,764.7101754519152
2019,5,5,11,30.596205160502855,1015.761876663555,1997.0,0,0,0,0,1,0,0,0,764.8638135747588
2019,5,6,12,30.784491691062694,1015.7672944413328,1974.0,0,0,0,0,1,0,0,0,765.0802551248406
2019,5,0,13,30.585738762016682,1015.10120578824,1971.0,0,0,0,0,0,0,0,0,765.0643453807611
2019,5,1,14,30.020562558143073,1007.6521115535867,1889.0,0,0,0,0,0,0,0,0,769.3147861371659
2019,5,2,15,29.992680885701343,1008.5537502243097,4007.0,0,0,0,0,0,0,0,0,768.9700346290987
2019,5,3,16,30.1572008839324,1009.2994273076429,2414.0,0,0,0,0,0,0,0,0,769.4487486789689
2019,5,4,17,29.604381405399362,1008.9363614820284,2409.0,0,0,0,0,0,0,0,0,770.0720573992112
2019,5,5,18,29.617184570072823,1008.9363614820284,2410.0,0,0,0,0,0,0,0,0,770.0684838627999
2019,5,6,19,29.618010811002396,1008.9363614820284,2412.0,0,0,0,0,0,0,0,0,770.0748538453477
2019,5,0,20,29.623235364086966,1010.9139960908653,2400.0,0,0,0,0,0,0,0,0,771.0261440218687
2019,5,1,21,29.811657161612306,1006.5605117987112,2393.0,0,0,0,0,0,0,0,0,770.984146006167
2019,5,2,22,29.948882136485523,1005.3661830518595,2396.0,0,0,0,0,0,0,0,0,771.609109855912
2019,5,3,23,29.81187579278745,1004.7485838325423,2471.0,0,0,0,0,0,0,0,0,771.7513733597434
2019,5,4,24,29.697114110675567,1006.9556036597569,2456.0,0,0,0,0,0,0,0,0,771.8022568499327
2019,5,5,25,29.58371442501134,1007.6129023610556,2416.0,0,0,0,0,0,0,0,0,772.3573425642187
2019,5,6,26,29.55432568425347,1007.6129023610556,2416.0,0,0,0,0,0,0,0,0,772.3573425642187
2019,5,0,27,29.95318908206668,1007.8936142342275,2360.0,0,0,0,0,0,0,0,0,772.0545832254886
2019,5,1,28,29.878383199586224,1005.346045557122,819.0,0,0,0,0,0,0,0,0,772.2348984972231
2019,5,2,29,29.917579965936678,1004.4432226302173,857.0,0,0,0,0,0,0,0,0,771.4622173608269
2019,5,3,30,30.30789034012892,1003.4659112609137,794.0,0,0,0,0,0,0,0,0,770.2255039732173
2019,5,4,31,30.247769215867656,1002.646722582155,862.0,0,0,0,0,0,0,0,0,768.3806691536878
2019,6,5,1,30.153056988616214,1003.8444567621607,270.0,0,0,0,0,0,0,0,0,769.1287279937701
2019,6,6,2,30.189317768022644,1004.3419843622597,344.0,0,0,0,0,0,0,0,0,769.7795847267707
2019,6,0,3,30.342225443827296,1004.0328744146157,361.0,0,0,0,0,0,0,0,0,769.489008849906
2019,6,1,4,30.388015847886006,1002.996466766206,1228.0,0,0,0,0,0,0,0,0,763.0268999531686
2019,6,2,5,30.555128570694237,998.9533952283792,1188.0,0,0,0,0,0,0,0,1,764.1200809078167
2019,6,3,6,30.49703203110803,995.58643320887,477.0,0,0,0,0,0,0,0,1,767.0425663079368
2019,6,4,7,29.97469176630115,1015.0815869689592,687.0,0,0,0,0,0,0,0,1,767.8324072871742
2019,6,5,8,30.48863450768147,1012.4174564570931,1458.0,0,0,0,0,0,0,0,1,770.1534399134268
2019,6,6,9,30.36946131078033,1012.9301459415233,1457.0,0,0,0,0,0,0,0,1,770.1480208836274
2019,6,0,10,30.267279879639702,1014.2851275732834,1670.0,0,0,0,0,0,0,0,1,770.6449262994789
2019,6,1,11,30.081094683717176,1010.7115055589653,1472.0,0,0,0,0,0,0,0,1,768.8103267326426
2019,6,2,12,29.998642921432644,1011.254486219912,2047.0,0,0,0,0,0,0,0,1,768.267891629976
2019,6,3,13,30.206871357720924,1011.4963520080316,1938.0,0,0,0,0,0,0,0,0,768.6815077763825
2019,6,4,14,30.510799262238752,1009.430920384585,2841.0,0,0,0,0,0,0,0,0,765.4616642040819
2019,6,5,15,30.588443605519036,1009.9557284967643,2907.0,0,0,0,0,0,0,0,0,766.071243174117
2019,6,6,16,30.215555728377446,1009.9557284967643,2943.0,0,0,0,0,0,0,0,0,766.071243174117
2019,6,0,17,30.543293781503678,1016.0225833580819,966.0,0,0,0,0,0,0,0,0,767.453770272063
2019,6,1,18,31.059324833750445,1018.6876346405563,2138.0,0,0,0,0,0,0,0,0,763.3398132420093
2019,6,2,19,31.104953954742864,1020.268675067833,2098.0,0,0,0,0,0,0,0,0,762.8415303761655
2019,6,3,20,31.16346002014371,1020.268675067833,2094.0,0,0,0,0,0,0,0,0,762.8415303761655
2019,6,4,21,31.442340167869524,1021.3373834456653,2094.0,0,0,0,0,0,0,0,0,763.7633697311106
2019,6,5,22,31.168671540507468,1022.0589527324007,2001.0,0,0,0,0,0,0,0,0,764.1175482438175
2019,6,6,23,31.019355981816673,1023.0321106434413,1997.0,0,0,0,0,0,0,0,0,764.6628295454706
2019,6,0,24,30.945717346779993,1021.840600264068,1849.0,0,0,0,0,0,0,0,0,764.9297889986555
2019,6,1,25,30.687015790133763,1019.492794259409,1901.0,0,0,0,0,0,0,0,0,763.3475502063792
2019,6,2,26,30.53604010249277,1020.0663952558343,1921.0,0,0,0,0,0,0,0,0,764.0335825214328
2019,6,3,27,30.836573926284714,1022.2934961063928,1870.0,0,0,0,0,0,0,0,0,765.0553906413229
2019,6,4,28,30.66526579599697,1019.1506276996773,1868.0,0,0,0,0,0,0,0,0,763.8486375019597
2019,6,5,29,30.738431714506532,1019.3763979420598,1850.0,0,0,0,0,0,0,0,0,763.587715500782
2019,6,6,30,30.614058649072167,1018.9737739961256,2639.0,0,0,0,0,0,0,0,0,762.7341521936211
2019,7,0,1,29.951244602474915,1017.3856810027846,3056.0,0,0,0,0,0,0,0,0,763.6302882942896
2019,7,1,2,29.778433272431087,1018.2872253688123,2966.0,0,0,0,0,0,0,0,0,764.343859427647
2019,7,2,3,30.155980338034148,1020.3718384088334,2619.0,0,0,0,0,0,0,0,0,765.516543122184
2019,7,3,4,30.16423203505948,1021.0329389919236,2603.0,0,0,0,0,0,0,0,0,765.4138493878481
2019,7,4,5,30.00756405826353,1017.6959127528568,3177.0,0,0,0,0,0,0,0,0,765.0303354854586
2019,7,5,6,30.172759080817553,1017.5431028569792,2828.0,0,0,0,0,0,0,0,0,764.5871976617598
2019,7,6,7,30.288440585303405,1017.5137773437826,2822.0,0,0,0,0,0,0,0,0,764.9087951183387
2019,7,0,8,30.08984269906766,1016.3129122411432,3429.0,0,0,0,0,0,0,0,0,763.6558848307118
2019,7,1,9,30.274000917325722,1015.8164923751857,3346.0,0,0,0,0,0,0,0,0,762.8447528223411
2019,7,2,10,30.245684026149874,1018.1768297445692,3331.0,0,0,0,0,0,0,0,0,764.3610551125289
2019,7,3,11,30.28094821146783,1017.8719002596199,3338.0,0,0,0,0,0,0,0,0,764.0704921473875
2019,7,4,12,30.153988789591594,1015.2592809202685,3375.0,0,0,0,0,0,0,0,0,762.9615727781534
2019,7,5,13,30.168604753447017,1015.2592809202685,3362.0,0,0,0,0,0,0,0,0,763.096393587402
2019,7,6,14,30.293838900534592,1014.7754040300084,3452.0,0,0,0,0,0,0,0,0,761.8931578710119
2019,7,0,15,30.28576274245848,1017.4002941814329,3412.0,0,0,0,0,0,0,0,0,763.5134516896542
2019,7,1,16,30.327639119165603,1016.9843029023629,3569.0,0,0,0,0,0,0,0,0,763.8362982381959
2019,7,2,17,30.31311360076161,1014.6820058551764,3601.0,0,0,0,0,0,0,0,0,763.6494674933776
2019,7,3,18,30.204399654496147,1013.538563470516,3491.0,0,0,0,0,0,0,0,0,763.3977328156723
2019,7,4,19,30.16181496314044,1013.5969155637426,3446.0,0,0,0,0,0,0,0,0,763.0282627651877
2019,7,5,20,30.063761562196284,1013.168297744122,3469.0,0,0,0,0,0,0,0,0,762.5276228415966
2019,7,6,21,30.094466580742644,1012.0680577097513,3525.0,0,0,0,0,0,0,0,0,761.2608587491242
2019,7,0,22,29.78049698193006,1010.5148040674612,2886.0,0,0,0,0,0,0,0,0,760.3605162075299
2019,7,1,23,30.181716630632124,1011.1589356210496,2885.0,0,0,0,0,0,0,0,0,760.6457503351155
2019,7,2,24,30.150113976940986,1009.2096272797568,2789.0,0,0,0,0,0,0,0,0,759.7322164187931
2019,7,3,25,30.302609579430968,1010.756609765554,2806.0,0,0,0,0,0,0,0,0,760.5323202799758
2019,7,4,26,30.03892091568828,1008.0029932460096,2803.0,0,0,0,0,0,0,0,0,760.1570427823726
2019,7,5,27,30.112715438452287,1007.5846304081641,2778.0,0,0,0,0,0,0,0,0,759.834091884627
2019,7,6,28,30.189365516519107,1006.7080360195367,2767.0,0,0,0,0,0,0,0,0,759.2620237256031
2019,7,0,29,30.185766377450555,1005.8101518367354,2830.0,0,0,0,0,0,0,0,0,758.3850200478923
2019,7,1,30,29.972956735226433,1001.7177370748308,3154.0,0,0,0,0,0,0,0,0,758.7884387081903
2019,7,2,31,30.17806368566577,1001.0651263376147,2960.0,0,0,0,0,0,0,0,0,762.2046321664966
2019,8,3,1,30.3159212100908,1001.6226503615782,2755.0,0,0,0,0,0,0,0,0,762.3588142820604
2019,8,4,2,30.276026670323,1002.6482715109104,2740.0,0,0,0,0,0,0,0,0,762.6871135472311
2019,8,5,3,30.246974932837738,996.0190693819084,2862.0,0,0,0,0,0,0,0,0,760.7433413363306
2019,8,6,4,30.315479877373843,998.684523740711,2809.0,0,0,0,0,0,0,0,0,762.0411161233147
2019,8,0,5,30.37231925974733,992.150259611494,2829.0,0,0,0,0,0,0,0,0,760.5282068087924
2019,8,1,6,30.300761413425175,991.1364728948083,2869.0,0,0,0,0,0,0,0,0,762.5073694116306
2019,8,2,7,30.136734273511838,991.9614971078836,2809.0,0,0,0,0,0,0,0,0,763.3939476557342
2019,8,3,8,30.13748596814051,992.5211960665628,2798.0,0,0,0,0,0,0,0,0,762.3138698151819
2019,8,4,9,29.957627386591977,992.4720351441993,2731.0,0,0,0,0,0,0,0,0,763.0003922476275
2019,8,5,10,30.09592186972181,993.466791364004,2695.0,0,0,0,0,0,0,0,0,763.5399639771406
2019,8,6,11,30.07764587599099,993.2531331719136,2692.0,0,0,0,0,0,0,0,0,763.3943788278265
2019,8,0,12,30.10289988658927,991.1941933240477,2716.0,0,0,0,0,0,0,0,0,762.2799083061407
2019,8,1,13,29.931418566301016,987.5678717113852,2644.0,0,0,0,0,0,0,0,0,759.6569896652121
2019,8,2,14,29.846794470719924,988.8924622469444,2607.0,0,0,0,0,0,0,0,0,760.8320380982605
2019,8,3,15,30.001907038861656,990.135126064608,2628.0,0,0,0,0,0,0,0,0,761.0162041544264
2019,8,4,16,29.953416382295995,988.9659766954587,2709.0,0,0,0,0,0,0,0,0,760.4463435294547
2019,8,5,17,29.857806213093106,988.9659766954587,2726.0,0,0,0,0,0,0,0,0,760.1335863278085
2019,8,6,18,29.91385175587304,988.9659766954587,2717.0,0,0,0,0,0,0,0,0,760.1335863278085
2019,8,0,19,30.06304071711861,986.7599998941804,2725.0,0,0,0,0,0,0,0,0,762.4997546696974
2019,8,1,20,30.638821533553198,983.6863794860174,2643.0,0,0,0,0,0,0,0,0,758.8527859622147
2019,8,2,21,30.67332447271709,982.8888730462814,2659.0,0,0,0,0,0,0,0,0,758.4224226631467
2019,8,3,22,30.101863485301127,980.9846138775516,2713.0,0,0,0,0,0,0,0,0,757.837974533643
2019,8,4,23,29.98072849574007,980.626030204082,2649.0,0,0,0,0,0,0,0,0,758.0921231050717
2019,8,5,24,30.074998434390373,980.626030204082,2613.0,0,0,0,0,0,0,0,0,758.0921231050717
2019,8,6,25,30.119114313035087,980.626030204082,2593.0,0,0,0,0,0,0,0,0,758.0830945336432
2019,8,0,26,30.16193776387001,983.9825947605408,2572.0,0,0,0,0,0,0,0,0,759.4802149594299
2019,8,1,27,30.11379963426109,985.7881835289363,2857.0,0,0,0,0,0,0,0,0,762.0750317844976
2019,8,2,28,30.16758485656102,969.9750524876623,2828.0,0,0,0,0,0,0,0,0,760.2271182435147
2019,8,3,29,30.101235932186533,970.6637972769572,2820.0,0,0,0,0,0,0,0,0,760.8067936033724
2019,8,4,30,30.157691348423942,970.7695477574753,2752.0,0,0,0,0,0,0,0,0,764.5355196972278
2019,8,5,31,30.164684157235946,972.9414037456444,2658.0,0,0,0,0,0,0,0,0,764.2272860099247
2019,9,6,1,30.810523018443572,971.3481008487987,1109.0,0,0,0,0,0,0,0,0,761.946068320803
2019,9,0,2,30.41795368230916,965.476340782939,1157.0,0,0,0,0,0,0,0,0,759.8613249409075
2019,9,1,3,30.190911297045847,967.112806188925,2657.0,0,0,0,0,0,0,0,0,764.4264781364124
2019,9,2,4,29.036419613602884,979.6899430604974,3017.0,0,0,0,0,0,0,0,0,767.5057801204715
2019,9,3,5,29.02652358075043,957.1133045112767,1812.0,0,0,0,0,0,0,0,0,770.1243208898858
2019,9,4,6,28.8789469480604,960.5137886792439,1273.0,0,0,0,0,0,0,0,0,770.2036000882126
2019,9,5,7,28.913563101028434,961.1775371069168,1284.0,0,0,0,0,0,0,0,0,770.2028554341246
2019,9,6,8,28.72516759646208,956.8155914786952,1284.0,0,0,0,0,0,0,0,0,770.1972807896353
2019,9,0,9,28.86132728889536,941.2695496855333,1308.0,0,0,0,0,0,0,0,0,770.7568864853373
2019,9,1,10,28.96422836384336,941.9951628787868,1377.0,0,0,0,0,0,0,0,0,770.6527609351076
2019,9,2,11,28.844891399843807,941.8041275252513,1364.0,0,0,0,0,0,0,0,0,770.6529558846023
2019,9,3,12,29.028840570685862,941.2709798742128,1317.0,0,0,0,0,0,0,0,0,768.9394129292918
2019,9,4,13,29.104904840608693,951.5626705729153,1310.0,0,0,0,0,0,0,0,0,771.6696674636983
2019,9,5,14,29.16078992707056,948.6445823181972,1267.0,0,0,0,0,0,0,0,0,770.4641275781054
2019,9,6,15,29.677233290957588,948.1870385399284,1259.0,0,0,0,0,0,0,0,0,769.897840136775
2019,9,0,16,29.186155278584145,948.358120721725,2244.0,0,0,0,0,0,0,0,0,769.3262223248094
2019,9,1,17,29.121123201892985,948.2363771978007,2260.0,0,0,0,0,0,0,0,0,767.8465214685302
2019,9,2,18,28.94121682329217,949.5012906593395,1231.0,0,0,0,0,0,0,0,0,769.0154553146839
2019,9,3,19,28.837690950261567,950.1358258871104,1268.0,0,0,0,0,0,0,0,0,769.661893366092
2019,9,4,20,28.782610420053157,945.2021979558258,1024.0,0,0,0,0,0,0,0,0,768.4577156328902
2019,9,5,21,28.926343847767786,954.629484681148,1272.0,0,0,0,0,0,0,0,0,771.5125631725805
2019,9,6,22,28.97612436585934,952.6848771805986,1614.0,0,0,0,0,0,0,0,0,768.3222068591035
2019,9,0,23,29.465784010407013,950.6812649754337,1167.0,0,0,0,0,0,0,0,0,766.0238446646813
2019,9,1,24,29.29874622666881,966.1624145106848,1545.0,0,0,0,0,0,0,0,0,770.0480457349286
2019,9,2,25,29.398958749764677,984.4244988089713,1575.0,0,0,0,0,0,0,0,0,766.9943225801306
2019,9,3,26,29.139645939703694,964.1445014923993,1070.0,0,0,0,0,0,0,0,0,768.1996083981052
2019,9,4,27,29.191577118014433,958.6419103407044,1523.0,0,0,0,0,0,0,0,0,765.0965980558715
2019,9,5,28,28.982996714851147,959.7960055555543,1527.0,0,0,0,0,0,0,0,0,767.1583802861938
2019,9,6,29,28.95891609890912,959.7960055555543,1526.0,0,0,0,0,0,0,0,0,767.1583802861938
2019,9,0,30,29.040273454862227,960.8158974206337,1296.0,0,0,0,0,0,0,0,0,765.9104858417496
2019,10,1,1,29.42333572429667,963.8812203737483,1243.0,0,0,0,0,0,0,0,0,771.2629914477774
2019,10,2,2,29.1567553246595,964.462014399825,1231.0,0,0,0,0,0,0,0,0,768.7390222291501
2019,10,3,3,29.490674313303824,970.6971922240925,1222.0,0,0,0,0,0,0,0,0,770.8601583195966
2019,10,4,4,29.661088060583538,972.8497099206337,1183.0,0,0,0,0,0,0,0,0,772.2949041245779
2019,10,5,5,29.8428914908048,972.075044363043,1175.0,0,0,0,0,0,0,0,0,772.3239472502792
2019,10,6,6,30.303798174170662,971.9150443630432,1173.0,0,0,0,0,0,0,0,0,772.1959472502792
2019,10,0,7,29.893782554728713,969.8068952380941,1200.0,0,0,0,0,0,0,0,0,771.7985700924123
2019,10,1,8,29.85243555790849,971.937052647782,1106.0,0,0,0,0,0,0,0,0,772.0551975792393
2019,10,2,9,29.783962756870388,972.10764891215,1076.0,0,0,0,0,0,0,0,0,772.9809710902113
2019,10,3,10,29.73765848274809,971.1985922406146,1075.0,0,0,0,0,0,0,0,0,772.0958453721755
2019,10,4,11,30.06440182910057,977.1178743500262,494.0,0,0,0,0,0,0,0,0,772.8366939246566
2019,10,5,12,29.974430000496536,974.843445726761,984.0,0,0,0,0,0,0,0,0,773.2658441961714
2019,10,6,13,29.99912067665805,974.5556046583839,992.0,0,0,0,0,0,0,0,0,773.2762966334136
2019,10,0,14,29.945577386657988,975.4716116656256,581.0,0,0,0,0,0,0,0,0,772.8784884720251
2019,10,1,15,30.50648224594438,979.8236507905922,1034.0,0,0,0,0,0,0,0,0,780.1378698200979
2019,10,2,16,29.582261973357053,985.492542633291,1099.0,0,0,0,0,0,0,0,0,778.4944966465617
2019,10,3,17,30.14069720872067,981.2398195217463,1025.0,0,0,0,0,0,0,0,0,779.033999290258
2019,10,4,18,30.1300850307916,970.6772030451649,1027.0,0,0,0,0,0,0,0,0,772.838483545447
2019,10,5,19,30.264242329031443,970.2427704596976,1063.0,0,0,0,0,0,0,0,0,772.8730466545467
2019,10,6,20,30.067965987587556,970.2759998964788,1046.0,0,0,0,0,0,0,0,0,773.6341323646387
2019,10,0,21,30.3426113828648,976.1033880534654,902.0,0,0,0,0,0,0,0,0,776.5777113035098
2019,10,1,22,30.67749171677953,982.2584813065704,905.0,0,0,0,0,0,0,0,0,781.8111852345987
2019,10,2,23,30.44636913974084,990.0425561224472,957.0,0,0,0,0,0,0,0,0,783.5728849115599
2019,10,3,24,30.45809384146377,986.9132602077907,1025.0,0,0,0,0,0,0,0,0,782.1047615666099
2019,10,4,25,31.00669747818107,987.7099404460067,1160.0,0,0,0,0,0,0,0,0,782.3325698396325
2019,10,5,26,30.578510744482983,985.8377384792616,1221.0,0,0,0,0,0,0,0,0,780.9061836313318
2019,10,6,27,31.84937088978621,987.7119723502292,1542.0,0,0,0,0,0,0,0,0,782.3063758356326
2019,10,0,28,31.151715425986747,987.9951376728096,1490.0,0,0,0,0,0,0,0,0,782.5073450438438
2019,10,1,29,30.67406534542759,983.4007212497634,1346.0,0,0,0,0,0,0,0,0,779.6722782774966
2019,10,2,30,31.14907701930061,995.7057753263452,1491.0,0,0,0,0,0,0,0,0,787.8308837434541
2019,10,3,31,30.568343225350517,991.7602082388496,1499.0,0,0,0,0,0,0,0,0,782.9194394500257
2019,11,4,1,31.32616466752809,993.1731819047606,1577.0,0,0,0,0,0,0,0,0,783.3351742248851
2019,11,5,2,30.835489613688498,991.089428571427,1478.0,0,0,0,0,0,0,0,0,781.7164462248852
2019,11,6,3,30.968212319469714,991.252468571427,1478.0,0,0,0,0,0,0,0,0,781.7164462248852
2019,11,0,4,30.97305183773432,995.9976220830946,1483.0,0,0,0,0,0,0,0,0,783.0610022160212
2019,11,1,5,31.14053404134244,1011.960665907796,1577.0,0,0,0,0,0,0,0,0,782.7319265188099
2019,11,2,6,30.680080779042612,1008.3236050642464,1591.0,0,0,0,0,0,0,0,0,781.6278686093437
2019,11,3,7,30.841434402691693,1003.5292373393788,1591.0,0,0,0,0,0,0,0,0,781.6278686093437
2019,11,4,8,30.999595379065752,996.5599354961093,1577.0,0,0,0,0,0,0,0,0,782.7319265188099
2019,11,5,9,31.049359280843845,997.2930309901724,1577.0,0,0,0,0,0,0,0,0,783.7496569691323
2019,11,6,10,30.890141153713643,994.7312900777824,1577.0,0,0,0,0,0,0,0,0,782.7319265188099
2019,11,0,11,30.88293594555385,998.3886473154984,1577.0,0,0,0,0,0,0,0,0,782.7319265188099
2019,11,1,12,30.79995485193941,993.0240495086908,1577.0,0,0,0,0,0,0,0,0,783.841403000878
2019,11,2,13,30.837624721788764,996.5558584708767,1577.0,0,0,0,0,0,0,0,0,782.7319265188099
2019,11,3,14,30.85657799051198,995.7864560804387,1577.0,0,0,0,0,0,0,0,0,782.7319265188099
2019,11,4,15,31.044435299011845,994.8002152380938,1198.0,0,0,0,1,0,0,0,0,783.2142782248852
2019,11,5,16,31.261971465138974,995.5469831707768,1196.0,0,0,0,1,0,0,0,0,783.0915277645147
2019,11,6,17,31.094231081192994,995.5173339093687,1098.0,0,0,0,1,0,0,0,0,782.5452839248554
2019,11,0,18,31.096562288676,993.3903091397833,1132.0,0,0,0,0,0,0,0,0,778.7942653144333
2019,11,1,19,31.43117365720603,990.5209599999986,1037.0,0,0,0,0,0,0,0,0,775.6720319538227
2019,11,2,20,31.198779802274156,990.4659103078967,1087.0,0,0,0,0,0,0,0,0,774.4707408218721
2019,11,3,21,30.846256061173342,988.5612077572948,1091.0,0,0,0,0,0,0,0,0,772.7936288320986
2019,11,4,22,31.718059587677413,991.6541249999983,968.0,0,0,0,0,0,0,0,0,777.9371497225959
2019,11,5,23,31.592456535704912,979.5942937853093,939.0,0,0,0,0,0,0,0,0,773.4717601829418
2019,11,6,24,31.3864185870292,977.2938404255304,941.0,0,0,0,0,0,0,0,0,771.8720073930784
2019,11,0,25,31.290177355210343,976.2387736568973,949.0,0,0,0,0,0,0,0,0,771.2706286799606
2019,11,1,26,31.67788406832083,979.6245307971001,1126.0,1,0,0,0,0,0,0,0,772.1753498462878
2019,11,2,27,31.32372335747854,973.8932831999164,1081.0,1,0,0,0,0,0,0,0,773.8987388664964
2019,11,3,28,31.50838167057002,978.0870094537801,11036.0,1,0,0,0,0,0,0,0,772.4905655886587
2019,11,4,29,30.869570496647643,990.236965055417,1931.0,1,0,0,0,0,0,0,0,778.8863592824785
2019,11,5,30,30.54011370492132,982.374541301168,1856.0,1,0,0,0,0,0,0,0,772.8642096402608
2019,12,6,1,30.805361631941572,989.5193278985487,1852.0,1,0,0,0,0,0,0,0,775.6449741941137
2019,12,0,2,30.554411703766927,987.5420047514605,1846.0,1,0,0,0,0,0,0,0,772.9744727981556
2019,12,1,3,30.552527878572736,985.6072971491212,1846.0,0,0,0,0,0,0,0,0,772.9744727981556
2019,12,2,4,30.38165372105729,982.6797614368877,1849.0,0,0,0,0,0,0,0,0,774.3942640377563
2019,12,3,5,30.414063625401145,980.2563716698114,1845.0,0,0,0,0,0,0,0,0,772.1540960263413
2019,12,4,6,30.41361277486369,989.9665575396806,1846.0,0,0,0,0,0,0,0,0,775.2937359560505
2019,12,5,7,30.905615185248408,986.7649558792797,1846.0,0,0,0,0,0,0,0,0,772.9744727981556
2019,12,6,8,31.0405195003136,986.7062111915233,1846.0,0,0,0,0,0,0,0,0,773.5637876562973
2019,12,0,9,30.890576720803963,984.0892888471158,1846.0,0,0,0,0,0,0,0,0,772.9744727981556
2019,12,1,10,30.789846187553067,991.0067264526937,1831.0,0,0,0,0,0,0,0,0,771.9656202554163
2019,12,2,11,31.046480396888622,993.5767188805327,1846.0,0,0,0,0,0,0,0,0,772.9744727981556
2019,12,3,12,30.665419973540725,994.2166013485021,1822.0,0,0,0,0,0,0,0,0,772.7052911415021
2019,12,4,13,30.811238067403288,989.7560463659128,1846.0,0,0,0,0,0,0,0,0,772.9744727981556
2019,12,5,14,30.86860403953197,987.2909335011517,1846.0,0,0,0,0,0,0,0,0,773.5637876562973
2019,12,6,15,30.886250326295595,987.2909335011517,1846.0,0,0,0,0,0,0,0,0,773.5637876562973
2019,12,0,16,31.033969291029283,998.5279913992008,1846.0,0,0,0,0,0,0,0,0,776.5170211364734
2019,12,1,17,31.162655196162934,997.4712165831226,1846.0,0,0,0,0,0,0,0,0,775.9147534999101
2019,12,2,18,30.544460688359493,997.6439720008154,951.0,0,0,0,0,0,0,0,0,772.5429862574229
2019,12,3,19,30.59252209671553,997.2597518374852,956.0,0,0,0,0,0,0,0,0,775.326785461451
2019,12,4,20,31.363821444111434,990.1952795493179,930.0,0,0,0,0,0,0,0,0,775.207564574313
2019,12,5,21,31.379885134846624,988.0555573593056,914.0,0,0,0,0,0,0,0,0,773.3600657483915
2019,12,6,22,31.33036633572649,988.701912303381,1910.0,0,0,0,0,0,0,0,0,773.8977849079012
2019,12,0,23,31.186267261004897,1029.0487095130827,1829.0,0,0,0,0,0,0,1,0,779.2321367608196
2019,12,0,23,31.186267261004897,1029.0487095130827,1829.0,0,0,0,0,0,0,1,0,779.2321367608196
2019,12,1,24,27.779112816011448,980.1570795107033,1494.0,0,0,1,0,0,0,0,0,768.3519772826561
2019,12,2,25,27.472051733226753,975.1959413580246,2449.0,0,0,1,0,0,0,0,0,762.2704708994708
2019,12,3,26,27.58115589989342,971.3982866043613,3419.0,0,0,0,0,0,0,0,0,760.2064267113984
2019,12,4,27,28.18661636088128,982.8317948717947,2506.0,0,0,0,0,0,0,0,0,759.9713846153843
2019,12,5,28,27.277660638241343,980.8034775641023,2498.0,0,0,0,0,0,0,0,0,757.515692307692
2019,12,6,29,27.07102661089591,984.8578044871795,1512.0,0,0,0,0,0,0,0,0,758.7357153846151
2019,12,0,30,27.721917397795266,983.4909327217124,1529.0,0,0,0,0,0,0,1,0,759.6644134556574
2019,12,0,30,27.721917397795266,983.4909327217124,1529.0,0,0,0,0,0,0,1,0,759.6644134556574
2019,12,1,31,27.721917397795266,980.9373302469133,1534.0,0,0,0,0,0,1,0,0,756.5999728395061
2020,1,2,1,27.724077661303486,979.6442211838004,1529.0,0,0,0,0,0,1,0,0,755.3024024922119
2020,1,3,2,28.19491292738769,981.6738685015289,2710.0,0,0,0,0,0,0,0,0,754.0860061162078
2020,1,4,3,27.69567350513133,986.2494036697248,2716.0,0,0,0,0,0,0,0,0,755.5698348623853
2020,1,5,4,28.356896318192252,981.9856818181817,2721.0,0,0,0,0,0,0,0,0,753.5664727272726
2020,1,6,5,28.17220340166541,984.1690366972476,2716.0,0,0,0,0,0,0,0,0,755.5698348623853
2020,1,0,6,27.46135397536782,982.6466303030304,2680.0,0,0,0,0,0,0,0,0,756.8689859740259
2020,1,1,7,26.565590930025568,980.061746105919,2745.0,0,0,0,0,0,0,0,0,752.2805799732977
2020,1,2,8,26.632659928239388,976.9246365079364,2716.0,0,0,0,0,0,0,0,0,750.7767434013604
2020,1,3,9,26.75582125220712,974.6465375816994,2422.0,0,0,0,0,0,0,0,0,749.0217682369918
2020,1,4,10,26.578623849356827,969.2734276556778,2693.0,0,0,0,0,0,0,0,0,746.3418963369963
2020,1,5,11,26.649215695648213,966.3754505668936,2698.0,0,0,0,0,0,0,0,0,746.7077148299318
2020,1,6,12,26.58162465644681,964.2348298992675,2687.0,0,0,0,0,0,0,0,0,744.7597351648351
2020,1,0,13,27.202883161585387,964.8304172445676,2671.0,0,0,0,0,0,0,0,0,742.6825131761441
2020,1,1,14,27.172121066236283,969.7645920018492,2633.0,0,0,0,0,0,0,0,0,744.6900989366618
2020,1,2,15,27.64186371623705,968.9052978479854,966.0,0,0,0,0,0,0,0,0,743.1121166333664
2020,1,3,16,27.09233304088041,972.0686178918168,799.0,0,0,0,0,0,0,0,0,747.0888621022987
2020,1,4,17,27.017112640134894,978.3241071428572,831.0,0,0,0,0,0,0,0,0,748.3304145658261
2020,1,5,18,26.804377069764143,981.0301732673266,823.0,0,0,0,0,0,0,0,0,750.9585176803394
2020,1,6,19,27.91596436127733,981.4496782178218,823.0,0,0,0,0,0,0,0,0,750.7491975483262
2020,1,0,20,26.871153323941755,979.5957323232324,805.0,0,0,0,0,0,0,0,0,749.9575103415103
2020,1,1,21,26.509749610931145,978.2539603960396,8208.0,0,0,0,0,0,0,0,0,747.2478566713812
2020,1,2,22,25.58310035555855,974.8039379084966,814.0,0,0,0,0,0,0,0,0,746.4205021645021
2020,1,3,23,25.751126174092217,965.4683081632652,1646.0,0,0,0,0,0,0,0,0,739.526916176733
2020,1,4,24,26.57431621684191,973.7370904325032,1655.0,0,0,0,0,0,0,0,0,743.0916963024738
2020,1,5,25,26.500542466986452,963.1204514824796,9011.0,0,0,0,0,0,0,0,0,742.224457861635
2020,1,6,26,24.91945220486286,956.1296785714284,9015.0,0,0,0,0,0,0,0,0,735.1884853333331
2020,1,0,27,25.222112697828003,950.4429530163713,9211.0,0,0,0,0,0,0,0,0,729.8467537414965
2020,1,1,28,25.11426544614303,957.6537451409134,2040.0,0,0,0,0,0,0,0,0,734.4461823129251
2020,1,2,29,24.965144210696305,974.9971944035346,1991.0,0,0,0,0,0,0,0,0,738.5585896907219
2020,1,3,30,23.444607840913505,985.9351216640506,1677.0,0,0,0,0,0,0,0,0,745.3679797125952
2020,1,4,31,23.96399274932144,993.5884890109892,8857.0,0,0,0,0,0,0,0,0,747.5570786136941
2020,2,5,1,24.2779192465156,989.8931491228074,869.0,0,0,0,0,0,0,0,0,748.5881678195492
2020,2,6,2,23.953448966289468,986.8621759259262,806.0,0,0,0,0,0,0,0,0,745.2059549206352
2020,2,0,3,24.13969208898089,974.2944351851854,1359.0,0,0,0,0,0,0,0,0,744.9786533333338
2020,2,1,4,24.540549769113177,950.1127006420547,1199.0,0,0,0,0,0,0,0,0,741.7823831974739
2020,2,2,5,24.512603365550408,944.7540630252104,1197.0,0,0,0,0,0,0,0,0,739.7071930136763
2020,2,3,6,26.289354973111447,952.3551263066204,8685.0,0,0,0,0,0,0,0,0,735.8315171576395
2020,2,4,7,24.571569335236244,946.2529770946356,8656.0,0,0,0,0,0,0,0,0,733.3866722925459
2020,2,5,8,24.254907601688863,940.435835775336,8656.0,0,0,0,0,0,0,0,0,728.694911680912
2020,2,6,9,24.7810248907918,948.0849383394387,1484.0,0,0,0,0,0,0,0,0,733.2346039886042
2020,2,0,10,24.953337248782677,948.6115156641606,1105.0,0,0,0,0,0,0,0,0,734.4691403508775
2020,2,1,11,24.9485968018642,953.1593333333336,8524.0,0,0,0,0,0,0,0,0,738.5438818565403
2020,2,2,12,25.725425388260714,959.2550303030304,8585.0,0,0,0,0,0,0,0,0,736.571168831169
2020,2,3,13,26.47279744341384,958.7011333333336,1465.0,0,0,0,0,0,0,0,0,740.8771000000003
2020,2,4,14,27.16840551667463,964.8637099567101,446.0,0,0,0,0,0,0,0,0,744.0118441558445
2020,2,5,15,26.82644582137407,969.4615422222224,7591.0,0,0,0,0,0,0,0,0,746.9466666666669
2020,2,6,16,27.274586729348375,968.5056755555556,7593.0,0,0,0,0,0,0,0,0,747.4140800000004
2020,2,0,17,26.320391362309746,968.2657644444446,7675.0,0,0,0,0,0,0,0,0,746.520746666667
2020,2,1,18,26.67332427967894,956.3927644444448,7546.0,0,0,0,0,0,0,0,0,737.6270933333336
2020,2,2,19,25.141341234784733,963.57599086758,7549.0,0,0,0,0,0,0,0,0,739.1458630136989
2020,2,3,20,26.524171372133605,975.5059380952383,7464.0,0,0,0,0,0,0,0,0,747.3268805860808
2020,2,4,21,24.53590906055221,969.7910260416667,7460.0,0,0,0,0,0,0,0,0,745.9447222222227
2020,2,5,22,25.517309909431763,970.9626839080463,295.0,0,0,0,0,0,0,0,0,744.1775172413795
2020,2,6,23,25.83844135894712,966.1311635220128,278.0,0,0,0,0,0,0,0,0,737.9545660377361
2020,2,0,24,26.16516779053904,982.9491333333334,7563.0,0,1,0,0,0,0,0,0,747.5280000000002
2020,2,1,25,26.522038666947328,988.7256462585036,7557.0,0,1,0,0,0,0,0,0,751.569142857143
2020,2,2,26,24.6072845901184,994.6627018633542,7545.0,0,0,0,0,0,0,0,0,747.5316777493606
2020,2,3,27,22.893772137272855,1007.3494696969699,7454.0,0,0,0,0,0,0,0,0,743.2400057720062
2020,2,4,28,31.916422027290448,1095.7175,127.0,0,0,0,0,0,0,0,0,749.3293333333331
